o 
v -0.20468130782246588 2.1044999993145463 0.07818129993975162
v -0.07818129993975162 2.182681307822466 0.12649999931454659
v -0.1330099731683731 2.19321465331316 0
v -0.20468130782246588 2.1044999993145463 0.07818129993975162
v -0.12649999931454659 2.0561812999397513 0.20468130782246588
v -0.07818129993975162 2.182681307822466 0.12649999931454659
v -0.21521465331315992 1.9779999999999998 0.1330099731683731
v -0.12649999931454659 2.0561812999397513 0.20468130782246588
v -0.20468130782246588 2.1044999993145463 0.07818129993975162
v -0.12649999931454659 2.0561812999397513 0.20468130782246588
v 0 2.1110099731683727 0.21521465331315992
v -0.07818129993975162 2.182681307822466 0.12649999931454659
v -0.07818129993975162 2.182681307822466 0.12649999931454659
v 0 2.230999998629093 0
v -0.1330099731683731 2.19321465331316 0
v -0.07818129993975162 2.182681307822466 0.12649999931454659
v 0.07818129993975162 2.182681307822466 0.12649999931454659
v 0 2.230999998629093 0
v 0 2.1110099731683727 0.21521465331315992
v 0.07818129993975162 2.182681307822466 0.12649999931454659
v -0.07818129993975162 2.182681307822466 0.12649999931454659
v 0.07818129993975162 2.182681307822466 0.12649999931454659
v 0.1330099731683731 2.19321465331316 0
v 0 2.230999998629093 0
v 0 2.230999998629093 0
v -0.07818129993975162 2.182681307822466 -0.12649999931454659
v -0.1330099731683731 2.19321465331316 0
v 0 2.230999998629093 0
v 0.07818129993975162 2.182681307822466 -0.12649999931454659
v -0.07818129993975162 2.182681307822466 -0.12649999931454659
v 0.1330099731683731 2.19321465331316 0
v 0.07818129993975162 2.182681307822466 -0.12649999931454659
v 0 2.230999998629093 0
v 0.07818129993975162 2.182681307822466 -0.12649999931454659
v 0 2.1110099731683727 -0.21521465331315992
v -0.07818129993975162 2.182681307822466 -0.12649999931454659
v -0.07818129993975162 2.182681307822466 -0.12649999931454659
v -0.20468130782246588 2.1044999993145463 -0.07818129993975162
v -0.1330099731683731 2.19321465331316 0
v -0.07818129993975162 2.182681307822466 -0.12649999931454659
v -0.12649999931454659 2.0561812999397513 -0.20468130782246588
v -0.20468130782246588 2.1044999993145463 -0.07818129993975162
v 0 2.1110099731683727 -0.21521465331315992
v -0.12649999931454659 2.0561812999397513 -0.20468130782246588
v -0.07818129993975162 2.182681307822466 -0.12649999931454659
v -0.12649999931454659 2.0561812999397513 -0.20468130782246588
v -0.21521465331315992 1.9779999999999998 -0.1330099731683731
v -0.20468130782246588 2.1044999993145463 -0.07818129993975162
v -0.20468130782246588 2.1044999993145463 -0.07818129993975162
v -0.20468130782246588 2.1044999993145463 0.07818129993975162
v -0.1330099731683731 2.19321465331316 0
v -0.20468130782246588 2.1044999993145463 -0.07818129993975162
v -0.25299999862909317 1.9779999999999998 0
v -0.20468130782246588 2.1044999993145463 0.07818129993975162
v -0.21521465331315992 1.9779999999999998 -0.1330099731683731
v -0.25299999862909317 1.9779999999999998 0
v -0.20468130782246588 2.1044999993145463 -0.07818129993975162
v -0.25299999862909317 1.9779999999999998 0
v -0.21521465331315992 1.9779999999999998 0.1330099731683731
v -0.20468130782246588 2.1044999993145463 0.07818129993975162
v 0.07818129993975162 2.182681307822466 0.12649999931454659
v 0.20468130782246588 2.1044999993145463 0.07818129993975162
v 0.1330099731683731 2.19321465331316 0
v 0.07818129993975162 2.182681307822466 0.12649999931454659
v 0.12649999931454659 2.0561812999397513 0.20468130782246588
v 0.20468130782246588 2.1044999993145463 0.07818129993975162
v 0 2.1110099731683727 0.21521465331315992
v 0.12649999931454659 2.0561812999397513 0.20468130782246588
v 0.07818129993975162 2.182681307822466 0.12649999931454659
v 0.12649999931454659 2.0561812999397513 0.20468130782246588
v 0.21521465331315992 1.9779999999999998 0.1330099731683731
v 0.20468130782246588 2.1044999993145463 0.07818129993975162
v -0.12649999931454659 2.0561812999397513 0.20468130782246588
v 0 1.9779999999999998 0.25299999862909317
v 0 2.1110099731683727 0.21521465331315992
v -0.12649999931454659 2.0561812999397513 0.20468130782246588
v -0.12649999931454659 1.8998187000602482 0.20468130782246588
v 0 1.9779999999999998 0.25299999862909317
v -0.21521465331315992 1.9779999999999998 0.1330099731683731
v -0.12649999931454659 1.8998187000602482 0.20468130782246588
v -0.12649999931454659 2.0561812999397513 0.20468130782246588
v -0.12649999931454659 1.8998187000602482 0.20468130782246588
v 0 1.8449900268316266 0.21521465331315992
v 0 1.9779999999999998 0.25299999862909317
v -0.25299999862909317 1.9779999999999998 0
v -0.20468130782246588 1.8515000006854532 0.07818129993975162
v -0.21521465331315992 1.9779999999999998 0.1330099731683731
v -0.25299999862909317 1.9779999999999998 0
v -0.20468130782246588 1.8515000006854532 -0.07818129993975162
v -0.20468130782246588 1.8515000006854532 0.07818129993975162
v -0.21521465331315992 1.9779999999999998 -0.1330099731683731
v -0.20468130782246588 1.8515000006854532 -0.07818129993975162
v -0.25299999862909317 1.9779999999999998 0
v -0.20468130782246588 1.8515000006854532 -0.07818129993975162
v -0.1330099731683731 1.7627853466868397 0
v -0.20468130782246588 1.8515000006854532 0.07818129993975162
v -0.12649999931454659 2.0561812999397513 -0.20468130782246588
v -0.12649999931454659 1.8998187000602482 -0.20468130782246588
v -0.21521465331315992 1.9779999999999998 -0.1330099731683731
v -0.12649999931454659 2.0561812999397513 -0.20468130782246588
v 0 1.9779999999999998 -0.25299999862909317
v -0.12649999931454659 1.8998187000602482 -0.20468130782246588
v 0 2.1110099731683727 -0.21521465331315992
v 0 1.9779999999999998 -0.25299999862909317
v -0.12649999931454659 2.0561812999397513 -0.20468130782246588
v 0 1.9779999999999998 -0.25299999862909317
v 0 1.8449900268316266 -0.21521465331315992
v -0.12649999931454659 1.8998187000602482 -0.20468130782246588
v 0.07818129993975162 2.182681307822466 -0.12649999931454659
v 0.12649999931454659 2.0561812999397513 -0.20468130782246588
v 0 2.1110099731683727 -0.21521465331315992
v 0.07818129993975162 2.182681307822466 -0.12649999931454659
v 0.20468130782246588 2.1044999993145463 -0.07818129993975162
v 0.12649999931454659 2.0561812999397513 -0.20468130782246588
v 0.1330099731683731 2.19321465331316 0
v 0.20468130782246588 2.1044999993145463 -0.07818129993975162
v 0.07818129993975162 2.182681307822466 -0.12649999931454659
v 0.20468130782246588 2.1044999993145463 -0.07818129993975162
v 0.21521465331315992 1.9779999999999998 -0.1330099731683731
v 0.12649999931454659 2.0561812999397513 -0.20468130782246588
v 0.20468130782246588 1.8515000006854532 0.07818129993975162
v 0.07818129993975162 1.773318692177534 0.12649999931454659
v 0.1330099731683731 1.7627853466868397 0
v 0.20468130782246588 1.8515000006854532 0.07818129993975162
v 0.12649999931454659 1.8998187000602482 0.20468130782246588
v 0.07818129993975162 1.773318692177534 0.12649999931454659
v 0.21521465331315992 1.9779999999999998 0.1330099731683731
v 0.12649999931454659 1.8998187000602482 0.20468130782246588
v 0.20468130782246588 1.8515000006854532 0.07818129993975162
v 0.12649999931454659 1.8998187000602482 0.20468130782246588
v 0 1.8449900268316266 0.21521465331315992
v 0.07818129993975162 1.773318692177534 0.12649999931454659
v 0.07818129993975162 1.773318692177534 0.12649999931454659
v 0 1.7250000013709066 0
v 0.1330099731683731 1.7627853466868397 0
v 0.07818129993975162 1.773318692177534 0.12649999931454659
v -0.07818129993975162 1.773318692177534 0.12649999931454659
v 0 1.7250000013709066 0
v 0 1.8449900268316266 0.21521465331315992
v -0.07818129993975162 1.773318692177534 0.12649999931454659
v 0.07818129993975162 1.773318692177534 0.12649999931454659
v -0.07818129993975162 1.773318692177534 0.12649999931454659
v -0.1330099731683731 1.7627853466868397 0
v 0 1.7250000013709066 0
v 0 1.7250000013709066 0
v 0.07818129993975162 1.773318692177534 -0.12649999931454659
v 0.1330099731683731 1.7627853466868397 0
v 0 1.7250000013709066 0
v -0.07818129993975162 1.773318692177534 -0.12649999931454659
v 0.07818129993975162 1.773318692177534 -0.12649999931454659
v -0.1330099731683731 1.7627853466868397 0
v -0.07818129993975162 1.773318692177534 -0.12649999931454659
v 0 1.7250000013709066 0
v -0.07818129993975162 1.773318692177534 -0.12649999931454659
v 0 1.8449900268316266 -0.21521465331315992
v 0.07818129993975162 1.773318692177534 -0.12649999931454659
v 0.07818129993975162 1.773318692177534 -0.12649999931454659
v 0.20468130782246588 1.8515000006854532 -0.07818129993975162
v 0.1330099731683731 1.7627853466868397 0
v 0.07818129993975162 1.773318692177534 -0.12649999931454659
v 0.12649999931454659 1.8998187000602482 -0.20468130782246588
v 0.20468130782246588 1.8515000006854532 -0.07818129993975162
v 0 1.8449900268316266 -0.21521465331315992
v 0.12649999931454659 1.8998187000602482 -0.20468130782246588
v 0.07818129993975162 1.773318692177534 -0.12649999931454659
v 0.12649999931454659 1.8998187000602482 -0.20468130782246588
v 0.21521465331315992 1.9779999999999998 -0.1330099731683731
v 0.20468130782246588 1.8515000006854532 -0.07818129993975162
v 0.20468130782246588 1.8515000006854532 -0.07818129993975162
v 0.20468130782246588 1.8515000006854532 0.07818129993975162
v 0.1330099731683731 1.7627853466868397 0
v 0.20468130782246588 1.8515000006854532 -0.07818129993975162
v 0.25299999862909317 1.9779999999999998 0
v 0.20468130782246588 1.8515000006854532 0.07818129993975162
v 0.21521465331315992 1.9779999999999998 -0.1330099731683731
v 0.25299999862909317 1.9779999999999998 0
v 0.20468130782246588 1.8515000006854532 -0.07818129993975162
v 0.25299999862909317 1.9779999999999998 0
v 0.21521465331315992 1.9779999999999998 0.1330099731683731
v 0.20468130782246588 1.8515000006854532 0.07818129993975162
v 0.12649999931454659 1.8998187000602482 0.20468130782246588
v 0 1.9779999999999998 0.25299999862909317
v 0 1.8449900268316266 0.21521465331315992
v 0.12649999931454659 1.8998187000602482 0.20468130782246588
v 0.12649999931454659 2.0561812999397513 0.20468130782246588
v 0 1.9779999999999998 0.25299999862909317
v 0.21521465331315992 1.9779999999999998 0.1330099731683731
v 0.12649999931454659 2.0561812999397513 0.20468130782246588
v 0.12649999931454659 1.8998187000602482 0.20468130782246588
v 0.12649999931454659 2.0561812999397513 0.20468130782246588
v 0 2.1110099731683727 0.21521465331315992
v 0 1.9779999999999998 0.25299999862909317
v -0.07818129993975162 1.773318692177534 0.12649999931454659
v -0.20468130782246588 1.8515000006854532 0.07818129993975162
v -0.1330099731683731 1.7627853466868397 0
v -0.07818129993975162 1.773318692177534 0.12649999931454659
v -0.12649999931454659 1.8998187000602482 0.20468130782246588
v -0.20468130782246588 1.8515000006854532 0.07818129993975162
v 0 1.8449900268316266 0.21521465331315992
v -0.12649999931454659 1.8998187000602482 0.20468130782246588
v -0.07818129993975162 1.773318692177534 0.12649999931454659
v -0.12649999931454659 1.8998187000602482 0.20468130782246588
v -0.21521465331315992 1.9779999999999998 0.1330099731683731
v -0.20468130782246588 1.8515000006854532 0.07818129993975162
v -0.07818129993975162 1.773318692177534 -0.12649999931454659
v -0.12649999931454659 1.8998187000602482 -0.20468130782246588
v 0 1.8449900268316266 -0.21521465331315992
v -0.07818129993975162 1.773318692177534 -0.12649999931454659
v -0.20468130782246588 1.8515000006854532 -0.07818129993975162
v -0.12649999931454659 1.8998187000602482 -0.20468130782246588
v -0.1330099731683731 1.7627853466868397 0
v -0.20468130782246588 1.8515000006854532 -0.07818129993975162
v -0.07818129993975162 1.773318692177534 -0.12649999931454659
v -0.20468130782246588 1.8515000006854532 -0.07818129993975162
v -0.21521465331315992 1.9779999999999998 -0.1330099731683731
v -0.12649999931454659 1.8998187000602482 -0.20468130782246588
v 0.12649999931454659 1.8998187000602482 -0.20468130782246588
v 0.12649999931454659 2.0561812999397513 -0.20468130782246588
v 0.21521465331315992 1.9779999999999998 -0.1330099731683731
v 0.12649999931454659 1.8998187000602482 -0.20468130782246588
v 0 1.9779999999999998 -0.25299999862909317
v 0.12649999931454659 2.0561812999397513 -0.20468130782246588
v 0 1.8449900268316266 -0.21521465331315992
v 0 1.9779999999999998 -0.25299999862909317
v 0.12649999931454659 1.8998187000602482 -0.20468130782246588
v 0 1.9779999999999998 -0.25299999862909317
v 0 2.1110099731683727 -0.21521465331315992
v 0.12649999931454659 2.0561812999397513 -0.20468130782246588
v 0.25299999862909317 1.9779999999999998 0
v 0.20468130782246588 2.1044999993145463 0.07818129993975162
v 0.21521465331315992 1.9779999999999998 0.1330099731683731
v 0.25299999862909317 1.9779999999999998 0
v 0.20468130782246588 2.1044999993145463 -0.07818129993975162
v 0.20468130782246588 2.1044999993145463 0.07818129993975162
v 0.21521465331315992 1.9779999999999998 -0.1330099731683731
v 0.20468130782246588 2.1044999993145463 -0.07818129993975162
v 0.25299999862909317 1.9779999999999998 0
v 0.20468130782246588 2.1044999993145463 -0.07818129993975162
v 0.1330099731683731 2.19321465331316 0
v 0.20468130782246588 2.1044999993145463 0.07818129993975162
vt 0.5580698847770691 0.6666666865348816
vt 0.6618959307670593 0.800000011920929
vt 0.5 0.8237918019294739
vt 0.5580698847770691 0.6666666865348816
vt 0.6618959307670593 0.6000000238418579
vt 0.6618959307670593 0.800000011920929
vt 0.5881040692329407 0.5
vt 0.6618959307670593 0.6000000238418579
vt 0.5580698847770691 0.6666666865348816
vt 0.6618959307670593 0.6000000238418579
vt 0.75 0.6762081980705261
vt 0.6618959307670593 0.800000011920929
vt 0.6618959307670593 0.800000011920929
vt 0.5858913660049438 1
vt 0.5 0.8237918019294739
vt 0.6618959307670593 0.800000011920929
vt 0.8381040692329407 0.800000011920929
vt 0.75 1
vt 0.75 0.6762081980705261
vt 0.8381040692329407 0.800000011920929
vt 0.6618959307670593 0.800000011920929
vt 0.8381040692329407 0.800000011920929
vt 1 0.8237918019294739
vt 0.9141086339950562 1
vt 0.41410863399505615 1
vt 0.33810409903526306 0.800000011920929
vt 0.5 0.8237918019294739
vt 0.25 1
vt 0.16189590096473694 0.800000011920929
vt 0.33810409903526306 0.800000011920929
vt 0 0.8237918019294739
vt 0.16189590096473694 0.800000011920929
vt 0.08589137345552444 1
vt 0.16189590096473694 0.800000011920929
vt 0.25 0.6762081980705261
vt 0.33810409903526306 0.800000011920929
vt 0.33810409903526306 0.800000011920929
vt 0.4419301152229309 0.6666666865348816
vt 0.5 0.8237918019294739
vt 0.33810409903526306 0.800000011920929
vt 0.33810409903526306 0.6000000238418579
vt 0.4419301152229309 0.6666666865348816
vt 0.25 0.6762081980705261
vt 0.33810409903526306 0.6000000238418579
vt 0.33810409903526306 0.800000011920929
vt 0.33810409903526306 0.6000000238418579
vt 0.41189590096473694 0.5
vt 0.4419301152229309 0.6666666865348816
vt 0.4419301152229309 0.6666666865348816
vt 0.5580698847770691 0.6666666865348816
vt 0.5 0.8237918019294739
vt 0.4419301152229309 0.6666666865348816
vt 0.5 0.5
vt 0.5580698847770691 0.6666666865348816
vt 0.41189590096473694 0.5
vt 0.5 0.5
vt 0.4419301152229309 0.6666666865348816
vt 0.5 0.5
vt 0.5881040692329407 0.5
vt 0.5580698847770691 0.6666666865348816
vt 0.8381040692329407 0.800000011920929
vt 0.9419301152229309 0.6666666865348816
vt 1 0.8237918019294739
vt 0.8381040692329407 0.800000011920929
vt 0.8381040692329407 0.6000000238418579
vt 0.9419301152229309 0.6666666865348816
vt 0.75 0.6762081980705261
vt 0.8381040692329407 0.6000000238418579
vt 0.8381040692329407 0.800000011920929
vt 0.8381040692329407 0.6000000238418579
vt 0.9118959307670593 0.5
vt 0.9419301152229309 0.6666666865348816
vt 0.6618959307670593 0.6000000238418579
vt 0.75 0.5
vt 0.75 0.6762081980705261
vt 0.6618959307670593 0.6000000238418579
vt 0.6618959307670593 0.4000000059604645
vt 0.75 0.5
vt 0.5881040692329407 0.5
vt 0.6618959307670593 0.4000000059604645
vt 0.6618959307670593 0.6000000238418579
vt 0.6618959307670593 0.4000000059604645
vt 0.75 0.3237918019294739
vt 0.75 0.5
vt 0.5 0.5
vt 0.5580698847770691 0.3333333432674408
vt 0.5881040692329407 0.5
vt 0.5 0.5
vt 0.4419301152229309 0.3333333432674408
vt 0.5580698847770691 0.3333333432674408
vt 0.41189590096473694 0.5
vt 0.4419301152229309 0.3333333432674408
vt 0.5 0.5
vt 0.4419301152229309 0.3333333432674408
vt 0.5 0.17620819807052612
vt 0.5580698847770691 0.3333333432674408
vt 0.33810409903526306 0.6000000238418579
vt 0.33810409903526306 0.4000000059604645
vt 0.41189590096473694 0.5
vt 0.33810409903526306 0.6000000238418579
vt 0.25 0.5
vt 0.33810409903526306 0.4000000059604645
vt 0.25 0.6762081980705261
vt 0.25 0.5
vt 0.33810409903526306 0.6000000238418579
vt 0.25 0.5
vt 0.25 0.3237918019294739
vt 0.33810409903526306 0.4000000059604645
vt 0.16189590096473694 0.800000011920929
vt 0.16189590096473694 0.6000000238418579
vt 0.25 0.6762081980705261
vt 0.16189590096473694 0.800000011920929
vt 0.05806988105177879 0.6666666865348816
vt 0.16189590096473694 0.6000000238418579
vt 0 0.8237918019294739
vt 0.05806988105177879 0.6666666865348816
vt 0.16189590096473694 0.800000011920929
vt 0.05806988105177879 0.6666666865348816
vt 0.08810409903526306 0.5
vt 0.16189590096473694 0.6000000238418579
vt 0.9419301152229309 0.3333333432674408
vt 0.8381040692329407 0.20000000298023224
vt 1 0.17620819807052612
vt 0.9419301152229309 0.3333333432674408
vt 0.8381040692329407 0.4000000059604645
vt 0.8381040692329407 0.20000000298023224
vt 0.9118959307670593 0.5
vt 0.8381040692329407 0.4000000059604645
vt 0.9419301152229309 0.3333333432674408
vt 0.8381040692329407 0.4000000059604645
vt 0.75 0.3237918019294739
vt 0.8381040692329407 0.20000000298023224
vt 0.8381040692329407 0.20000000298023224
vt 0.9141086339950562 0
vt 1 0.17620819807052612
vt 0.8381040692329407 0.20000000298023224
vt 0.6618959307670593 0.20000000298023224
vt 0.75 0
vt 0.75 0.3237918019294739
vt 0.6618959307670593 0.20000000298023224
vt 0.8381040692329407 0.20000000298023224
vt 0.6618959307670593 0.20000000298023224
vt 0.5 0.17620819807052612
vt 0.5858913660049438 0
vt 0.08589137345552444 0
vt 0.16189590096473694 0.20000000298023224
vt 0 0.17620819807052612
vt 0.25 0
vt 0.33810409903526306 0.20000000298023224
vt 0.16189590096473694 0.20000000298023224
vt 0.5 0.17620819807052612
vt 0.33810409903526306 0.20000000298023224
vt 0.41410863399505615 0
vt 0.33810409903526306 0.20000000298023224
vt 0.25 0.3237918019294739
vt 0.16189590096473694 0.20000000298023224
vt 0.16189590096473694 0.20000000298023224
vt 0.05806988105177879 0.3333333432674408
vt 0 0.17620819807052612
vt 0.16189590096473694 0.20000000298023224
vt 0.16189590096473694 0.4000000059604645
vt 0.05806988105177879 0.3333333432674408
vt 0.25 0.3237918019294739
vt 0.16189590096473694 0.4000000059604645
vt 0.16189590096473694 0.20000000298023224
vt 0.16189590096473694 0.4000000059604645
vt 0.08810409903526306 0.5
vt 0.05806988105177879 0.3333333432674408
vt 1.0580698251724243 0.3333333432674408
vt 0.9419301152229309 0.3333333432674408
vt 1 0.17620819807052612
vt 1.0580698251724243 0.3333333432674408
vt 1 0.5
vt 0.9419301152229309 0.3333333432674408
vt 0.08810409903526306 0.5
vt 0 0.5
vt 0.05806988105177879 0.3333333432674408
vt 1 0.5
vt 0.9118959307670593 0.5
vt 0.9419301152229309 0.3333333432674408
vt 0.8381040692329407 0.4000000059604645
vt 0.75 0.5
vt 0.75 0.3237918019294739
vt 0.8381040692329407 0.4000000059604645
vt 0.8381040692329407 0.6000000238418579
vt 0.75 0.5
vt 0.9118959307670593 0.5
vt 0.8381040692329407 0.6000000238418579
vt 0.8381040692329407 0.4000000059604645
vt 0.8381040692329407 0.6000000238418579
vt 0.75 0.6762081980705261
vt 0.75 0.5
vt 0.6618959307670593 0.20000000298023224
vt 0.5580698847770691 0.3333333432674408
vt 0.5 0.17620819807052612
vt 0.6618959307670593 0.20000000298023224
vt 0.6618959307670593 0.4000000059604645
vt 0.5580698847770691 0.3333333432674408
vt 0.75 0.3237918019294739
vt 0.6618959307670593 0.4000000059604645
vt 0.6618959307670593 0.20000000298023224
vt 0.6618959307670593 0.4000000059604645
vt 0.5881040692329407 0.5
vt 0.5580698847770691 0.3333333432674408
vt 0.33810409903526306 0.20000000298023224
vt 0.33810409903526306 0.4000000059604645
vt 0.25 0.3237918019294739
vt 0.33810409903526306 0.20000000298023224
vt 0.4419301152229309 0.3333333432674408
vt 0.33810409903526306 0.4000000059604645
vt 0.5 0.17620819807052612
vt 0.4419301152229309 0.3333333432674408
vt 0.33810409903526306 0.20000000298023224
vt 0.4419301152229309 0.3333333432674408
vt 0.41189590096473694 0.5
vt 0.33810409903526306 0.4000000059604645
vt 0.16189590096473694 0.4000000059604645
vt 0.16189590096473694 0.6000000238418579
vt 0.08810409903526306 0.5
vt 0.16189590096473694 0.4000000059604645
vt 0.25 0.5
vt 0.16189590096473694 0.6000000238418579
vt 0.25 0.3237918019294739
vt 0.25 0.5
vt 0.16189590096473694 0.4000000059604645
vt 0.25 0.5
vt 0.25 0.6762081980705261
vt 0.16189590096473694 0.6000000238418579
vt 1 0.5
vt 0.9419301152229309 0.6666666865348816
vt 0.9118959307670593 0.5
vt 1 0.5
vt 1.0580698251724243 0.6666666865348816
vt 0.9419301152229309 0.6666666865348816
vt 0.08810409903526306 0.5
vt 0.05806988105177879 0.6666666865348816
vt 0 0.5
vt 1.0580698251724243 0.6666666865348816
vt 1 0.8237918019294739
vt 0.9419301152229309 0.6666666865348816
vn -0.809017007213996 0.4999999730600685 0.30901700435160506
vn -0.30901700435160506 0.809017007213996 0.4999999730600685
vn -0.5257311462692278 0.8506507872461202 0
vn -0.809017007213996 0.4999999730600685 0.30901700435160506
vn -0.4999999730600685 0.30901700435160506 0.809017007213996
vn -0.30901700435160506 0.809017007213996 0.4999999730600685
vn -0.8506507872461202 0 0.5257311462692278
vn -0.4999999730600685 0.30901700435160506 0.809017007213996
vn -0.809017007213996 0.4999999730600685 0.30901700435160506
vn -0.4999999730600685 0.30901700435160506 0.809017007213996
vn 0 0.5257311462692278 0.8506507872461202
vn -0.30901700435160506 0.809017007213996 0.4999999730600685
vn -0.30901700435160506 0.809017007213996 0.4999999730600685
vn 0 1 0
vn -0.5257311462692278 0.8506507872461202 0
vn -0.30901700435160506 0.809017007213996 0.4999999730600685
vn 0.30901700435160506 0.809017007213996 0.4999999730600685
vn 0 1 0
vn 0 0.5257311462692278 0.8506507872461202
vn 0.30901700435160506 0.809017007213996 0.4999999730600685
vn -0.30901700435160506 0.809017007213996 0.4999999730600685
vn 0.30901700435160506 0.809017007213996 0.4999999730600685
vn 0.5257311462692278 0.8506507872461202 0
vn 0 1 0
vn 0 1 0
vn -0.30901700435160506 0.809017007213996 -0.4999999730600685
vn -0.5257311462692278 0.8506507872461202 0
vn 0 1 0
vn 0.30901700435160506 0.809017007213996 -0.4999999730600685
vn -0.30901700435160506 0.809017007213996 -0.4999999730600685
vn 0.5257311462692278 0.8506507872461202 0
vn 0.30901700435160506 0.809017007213996 -0.4999999730600685
vn 0 1 0
vn 0.30901700435160506 0.809017007213996 -0.4999999730600685
vn 0 0.5257311462692278 -0.8506507872461202
vn -0.30901700435160506 0.809017007213996 -0.4999999730600685
vn -0.30901700435160506 0.809017007213996 -0.4999999730600685
vn -0.809017007213996 0.4999999730600685 -0.30901700435160506
vn -0.5257311462692278 0.8506507872461202 0
vn -0.30901700435160506 0.809017007213996 -0.4999999730600685
vn -0.4999999730600685 0.30901700435160506 -0.809017007213996
vn -0.809017007213996 0.4999999730600685 -0.30901700435160506
vn 0 0.5257311462692278 -0.8506507872461202
vn -0.4999999730600685 0.30901700435160506 -0.809017007213996
vn -0.30901700435160506 0.809017007213996 -0.4999999730600685
vn -0.4999999730600685 0.30901700435160506 -0.809017007213996
vn -0.8506507872461202 0 -0.5257311462692278
vn -0.809017007213996 0.4999999730600685 -0.30901700435160506
vn -0.809017007213996 0.4999999730600685 -0.30901700435160506
vn -0.809017007213996 0.4999999730600685 0.30901700435160506
vn -0.5257311462692278 0.8506507872461202 0
vn -0.809017007213996 0.4999999730600685 -0.30901700435160506
vn -1 0 0
vn -0.809017007213996 0.4999999730600685 0.30901700435160506
vn -0.8506507872461202 0 -0.5257311462692278
vn -1 0 0
vn -0.809017007213996 0.4999999730600685 -0.30901700435160506
vn -1 0 0
vn -0.8506507872461202 0 0.5257311462692278
vn -0.809017007213996 0.4999999730600685 0.30901700435160506
vn 0.30901700435160506 0.809017007213996 0.4999999730600685
vn 0.809017007213996 0.4999999730600685 0.30901700435160506
vn 0.5257311462692278 0.8506507872461202 0
vn 0.30901700435160506 0.809017007213996 0.4999999730600685
vn 0.4999999730600685 0.30901700435160506 0.809017007213996
vn 0.809017007213996 0.4999999730600685 0.30901700435160506
vn 0 0.5257311462692278 0.8506507872461202
vn 0.4999999730600685 0.30901700435160506 0.809017007213996
vn 0.30901700435160506 0.809017007213996 0.4999999730600685
vn 0.4999999730600685 0.30901700435160506 0.809017007213996
vn 0.8506507872461202 0 0.5257311462692278
vn 0.809017007213996 0.4999999730600685 0.30901700435160506
vn -0.4999999730600685 0.30901700435160506 0.809017007213996
vn 0 0 1
vn 0 0.5257311462692278 0.8506507872461202
vn -0.4999999730600685 0.30901700435160506 0.809017007213996
vn -0.4999999730600685 -0.30901700435160506 0.809017007213996
vn 0 0 1
vn -0.8506507872461202 0 0.5257311462692278
vn -0.4999999730600685 -0.30901700435160506 0.809017007213996
vn -0.4999999730600685 0.30901700435160506 0.809017007213996
vn -0.4999999730600685 -0.30901700435160506 0.809017007213996
vn 0 -0.5257311462692278 0.8506507872461202
vn 0 0 1
vn -1 0 0
vn -0.809017007213996 -0.4999999730600685 0.30901700435160506
vn -0.8506507872461202 0 0.5257311462692278
vn -1 0 0
vn -0.809017007213996 -0.4999999730600685 -0.30901700435160506
vn -0.809017007213996 -0.4999999730600685 0.30901700435160506
vn -0.8506507872461202 0 -0.5257311462692278
vn -0.809017007213996 -0.4999999730600685 -0.30901700435160506
vn -1 0 0
vn -0.809017007213996 -0.4999999730600685 -0.30901700435160506
vn -0.5257311462692278 -0.8506507872461202 0
vn -0.809017007213996 -0.4999999730600685 0.30901700435160506
vn -0.4999999730600685 0.30901700435160506 -0.809017007213996
vn -0.4999999730600685 -0.30901700435160506 -0.809017007213996
vn -0.8506507872461202 0 -0.5257311462692278
vn -0.4999999730600685 0.30901700435160506 -0.809017007213996
vn 0 0 -1
vn -0.4999999730600685 -0.30901700435160506 -0.809017007213996
vn 0 0.5257311462692278 -0.8506507872461202
vn 0 0 -1
vn -0.4999999730600685 0.30901700435160506 -0.809017007213996
vn 0 0 -1
vn 0 -0.5257311462692278 -0.8506507872461202
vn -0.4999999730600685 -0.30901700435160506 -0.809017007213996
vn 0.30901700435160506 0.809017007213996 -0.4999999730600685
vn 0.4999999730600685 0.30901700435160506 -0.809017007213996
vn 0 0.5257311462692278 -0.8506507872461202
vn 0.30901700435160506 0.809017007213996 -0.4999999730600685
vn 0.809017007213996 0.4999999730600685 -0.30901700435160506
vn 0.4999999730600685 0.30901700435160506 -0.809017007213996
vn 0.5257311462692278 0.8506507872461202 0
vn 0.809017007213996 0.4999999730600685 -0.30901700435160506
vn 0.30901700435160506 0.809017007213996 -0.4999999730600685
vn 0.809017007213996 0.4999999730600685 -0.30901700435160506
vn 0.8506507872461202 0 -0.5257311462692278
vn 0.4999999730600685 0.30901700435160506 -0.809017007213996
vn 0.809017007213996 -0.4999999730600685 0.30901700435160506
vn 0.30901700435160506 -0.809017007213996 0.4999999730600685
vn 0.5257311462692278 -0.8506507872461202 0
vn 0.809017007213996 -0.4999999730600685 0.30901700435160506
vn 0.4999999730600685 -0.30901700435160506 0.809017007213996
vn 0.30901700435160506 -0.809017007213996 0.4999999730600685
vn 0.8506507872461202 0 0.5257311462692278
vn 0.4999999730600685 -0.30901700435160506 0.809017007213996
vn 0.809017007213996 -0.4999999730600685 0.30901700435160506
vn 0.4999999730600685 -0.30901700435160506 0.809017007213996
vn 0 -0.5257311462692278 0.8506507872461202
vn 0.30901700435160506 -0.809017007213996 0.4999999730600685
vn 0.30901700435160506 -0.809017007213996 0.4999999730600685
vn 0 -1 0
vn 0.5257311462692278 -0.8506507872461202 0
vn 0.30901700435160506 -0.809017007213996 0.4999999730600685
vn -0.30901700435160506 -0.809017007213996 0.4999999730600685
vn 0 -1 0
vn 0 -0.5257311462692278 0.8506507872461202
vn -0.30901700435160506 -0.809017007213996 0.4999999730600685
vn 0.30901700435160506 -0.809017007213996 0.4999999730600685
vn -0.30901700435160506 -0.809017007213996 0.4999999730600685
vn -0.5257311462692278 -0.8506507872461202 0
vn 0 -1 0
vn 0 -1 0
vn 0.30901700435160506 -0.809017007213996 -0.4999999730600685
vn 0.5257311462692278 -0.8506507872461202 0
vn 0 -1 0
vn -0.30901700435160506 -0.809017007213996 -0.4999999730600685
vn 0.30901700435160506 -0.809017007213996 -0.4999999730600685
vn -0.5257311462692278 -0.8506507872461202 0
vn -0.30901700435160506 -0.809017007213996 -0.4999999730600685
vn 0 -1 0
vn -0.30901700435160506 -0.809017007213996 -0.4999999730600685
vn 0 -0.5257311462692278 -0.8506507872461202
vn 0.30901700435160506 -0.809017007213996 -0.4999999730600685
vn 0.30901700435160506 -0.809017007213996 -0.4999999730600685
vn 0.809017007213996 -0.4999999730600685 -0.30901700435160506
vn 0.5257311462692278 -0.8506507872461202 0
vn 0.30901700435160506 -0.809017007213996 -0.4999999730600685
vn 0.4999999730600685 -0.30901700435160506 -0.809017007213996
vn 0.809017007213996 -0.4999999730600685 -0.30901700435160506
vn 0 -0.5257311462692278 -0.8506507872461202
vn 0.4999999730600685 -0.30901700435160506 -0.809017007213996
vn 0.30901700435160506 -0.809017007213996 -0.4999999730600685
vn 0.4999999730600685 -0.30901700435160506 -0.809017007213996
vn 0.8506507872461202 0 -0.5257311462692278
vn 0.809017007213996 -0.4999999730600685 -0.30901700435160506
vn 0.809017007213996 -0.4999999730600685 -0.30901700435160506
vn 0.809017007213996 -0.4999999730600685 0.30901700435160506
vn 0.5257311462692278 -0.8506507872461202 0
vn 0.809017007213996 -0.4999999730600685 -0.30901700435160506
vn 1 0 0
vn 0.809017007213996 -0.4999999730600685 0.30901700435160506
vn 0.8506507872461202 0 -0.5257311462692278
vn 1 0 0
vn 0.809017007213996 -0.4999999730600685 -0.30901700435160506
vn 1 0 0
vn 0.8506507872461202 0 0.5257311462692278
vn 0.809017007213996 -0.4999999730600685 0.30901700435160506
vn 0.4999999730600685 -0.30901700435160506 0.809017007213996
vn 0 0 1
vn 0 -0.5257311462692278 0.8506507872461202
vn 0.4999999730600685 -0.30901700435160506 0.809017007213996
vn 0.4999999730600685 0.30901700435160506 0.809017007213996
vn 0 0 1
vn 0.8506507872461202 0 0.5257311462692278
vn 0.4999999730600685 0.30901700435160506 0.809017007213996
vn 0.4999999730600685 -0.30901700435160506 0.809017007213996
vn 0.4999999730600685 0.30901700435160506 0.809017007213996
vn 0 0.5257311462692278 0.8506507872461202
vn 0 0 1
vn -0.30901700435160506 -0.809017007213996 0.4999999730600685
vn -0.809017007213996 -0.4999999730600685 0.30901700435160506
vn -0.5257311462692278 -0.8506507872461202 0
vn -0.30901700435160506 -0.809017007213996 0.4999999730600685
vn -0.4999999730600685 -0.30901700435160506 0.809017007213996
vn -0.809017007213996 -0.4999999730600685 0.30901700435160506
vn 0 -0.5257311462692278 0.8506507872461202
vn -0.4999999730600685 -0.30901700435160506 0.809017007213996
vn -0.30901700435160506 -0.809017007213996 0.4999999730600685
vn -0.4999999730600685 -0.30901700435160506 0.809017007213996
vn -0.8506507872461202 0 0.5257311462692278
vn -0.809017007213996 -0.4999999730600685 0.30901700435160506
vn -0.30901700435160506 -0.809017007213996 -0.4999999730600685
vn -0.4999999730600685 -0.30901700435160506 -0.809017007213996
vn 0 -0.5257311462692278 -0.8506507872461202
vn -0.30901700435160506 -0.809017007213996 -0.4999999730600685
vn -0.809017007213996 -0.4999999730600685 -0.30901700435160506
vn -0.4999999730600685 -0.30901700435160506 -0.809017007213996
vn -0.5257311462692278 -0.8506507872461202 0
vn -0.809017007213996 -0.4999999730600685 -0.30901700435160506
vn -0.30901700435160506 -0.809017007213996 -0.4999999730600685
vn -0.809017007213996 -0.4999999730600685 -0.30901700435160506
vn -0.8506507872461202 0 -0.5257311462692278
vn -0.4999999730600685 -0.30901700435160506 -0.809017007213996
vn 0.4999999730600685 -0.30901700435160506 -0.809017007213996
vn 0.4999999730600685 0.30901700435160506 -0.809017007213996
vn 0.8506507872461202 0 -0.5257311462692278
vn 0.4999999730600685 -0.30901700435160506 -0.809017007213996
vn 0 0 -1
vn 0.4999999730600685 0.30901700435160506 -0.809017007213996
vn 0 -0.5257311462692278 -0.8506507872461202
vn 0 0 -1
vn 0.4999999730600685 -0.30901700435160506 -0.809017007213996
vn 0 0 -1
vn 0 0.5257311462692278 -0.8506507872461202
vn 0.4999999730600685 0.30901700435160506 -0.809017007213996
vn 1 0 0
vn 0.809017007213996 0.4999999730600685 0.30901700435160506
vn 0.8506507872461202 0 0.5257311462692278
vn 1 0 0
vn 0.809017007213996 0.4999999730600685 -0.30901700435160506
vn 0.809017007213996 0.4999999730600685 0.30901700435160506
vn 0.8506507872461202 0 -0.5257311462692278
vn 0.809017007213996 0.4999999730600685 -0.30901700435160506
vn 1 0 0
vn 0.809017007213996 0.4999999730600685 -0.30901700435160506
vn 0.5257311462692278 0.8506507872461202 0
vn 0.809017007213996 0.4999999730600685 0.30901700435160506
f 1/1/1 2/2/2 3/3/3
f 4/4/4 5/5/5 6/6/6
f 7/7/7 8/8/8 9/9/9
f 10/10/10 11/11/11 12/12/12
f 13/13/13 14/14/14 15/15/15
f 16/16/16 17/17/17 18/18/18
f 19/19/19 20/20/20 21/21/21
f 22/22/22 23/23/23 24/24/24
f 25/25/25 26/26/26 27/27/27
f 28/28/28 29/29/29 30/30/30
f 31/31/31 32/32/32 33/33/33
f 34/34/34 35/35/35 36/36/36
f 37/37/37 38/38/38 39/39/39
f 40/40/40 41/41/41 42/42/42
f 43/43/43 44/44/44 45/45/45
f 46/46/46 47/47/47 48/48/48
f 49/49/49 50/50/50 51/51/51
f 52/52/52 53/53/53 54/54/54
f 55/55/55 56/56/56 57/57/57
f 58/58/58 59/59/59 60/60/60
f 61/61/61 62/62/62 63/63/63
f 64/64/64 65/65/65 66/66/66
f 67/67/67 68/68/68 69/69/69
f 70/70/70 71/71/71 72/72/72
f 73/73/73 74/74/74 75/75/75
f 76/76/76 77/77/77 78/78/78
f 79/79/79 80/80/80 81/81/81
f 82/82/82 83/83/83 84/84/84
f 85/85/85 86/86/86 87/87/87
f 88/88/88 89/89/89 90/90/90
f 91/91/91 92/92/92 93/93/93
f 94/94/94 95/95/95 96/96/96
f 97/97/97 98/98/98 99/99/99
f 100/100/100 101/101/101 102/102/102
f 103/103/103 104/104/104 105/105/105
f 106/106/106 107/107/107 108/108/108
f 109/109/109 110/110/110 111/111/111
f 112/112/112 113/113/113 114/114/114
f 115/115/115 116/116/116 117/117/117
f 118/118/118 119/119/119 120/120/120
f 121/121/121 122/122/122 123/123/123
f 124/124/124 125/125/125 126/126/126
f 127/127/127 128/128/128 129/129/129
f 130/130/130 131/131/131 132/132/132
f 133/133/133 134/134/134 135/135/135
f 136/136/136 137/137/137 138/138/138
f 139/139/139 140/140/140 141/141/141
f 142/142/142 143/143/143 144/144/144
f 145/145/145 146/146/146 147/147/147
f 148/148/148 149/149/149 150/150/150
f 151/151/151 152/152/152 153/153/153
f 154/154/154 155/155/155 156/156/156
f 157/157/157 158/158/158 159/159/159
f 160/160/160 161/161/161 162/162/162
f 163/163/163 164/164/164 165/165/165
f 166/166/166 167/167/167 168/168/168
f 169/169/169 170/170/170 171/171/171
f 172/172/172 173/173/173 174/174/174
f 175/175/175 176/176/176 177/177/177
f 178/178/178 179/179/179 180/180/180
f 181/181/181 182/182/182 183/183/183
f 184/184/184 185/185/185 186/186/186
f 187/187/187 188/188/188 189/189/189
f 190/190/190 191/191/191 192/192/192
f 193/193/193 194/194/194 195/195/195
f 196/196/196 197/197/197 198/198/198
f 199/199/199 200/200/200 201/201/201
f 202/202/202 203/203/203 204/204/204
f 205/205/205 206/206/206 207/207/207
f 208/208/208 209/209/209 210/210/210
f 211/211/211 212/212/212 213/213/213
f 214/214/214 215/215/215 216/216/216
f 217/217/217 218/218/218 219/219/219
f 220/220/220 221/221/221 222/222/222
f 223/223/223 224/224/224 225/225/225
f 226/226/226 227/227/227 228/228/228
f 229/229/229 230/230/230 231/231/231
f 232/232/232 233/233/233 234/234/234
f 235/235/235 236/236/236 237/237/237
f 238/238/238 239/239/239 240/240/240
o 
v 0.4140000006854534 1.9779999999999998 0
v 0.4140000006854534 1.9779999999999998 0
v 0.4140000006854534 1.9779999999999998 0
v 0.4140000006854534 1.9779999999999998 0
v 0.4140000006854534 1.9779999999999998 0
v 0.09199999931454664 1.9779999999999998 0.07474999725818633
v 0.09199999931454667 1.9032500027418133 4.5771172310339825e-18
v 0.09199999931454664 1.9779999999999998 -0.07474999725818633
v 0.09199999931454661 2.052749997258186 -1.3731352644359652e-17
v 0.09199999931454664 1.9779999999999998 0.07474999725818633
v 0.09199999931454664 1.9779999999999998 0
v 0.09199999931454664 1.9779999999999998 0
v 0.09199999931454664 1.9779999999999998 0
v 0.09199999931454664 1.9779999999999998 0
v 0.09199999931454664 1.9779999999999998 0.07474999725818633
v 0.09199999931454667 1.9032500027418133 4.5771172310339825e-18
v 0.09199999931454664 1.9779999999999998 -0.07474999725818633
v 0.09199999931454661 2.052749997258186 -1.3731352644359652e-17
v 0.09199999931454664 1.9779999999999998 0.07474999725818633
vt 0 1
vt 0.25 1
vt 0.5 1
vt 0.75 1
vt 1 1
vt 0 0
vt 0.25 0
vt 0.5 0
vt 0.75 0
vt 1 0
vt 0.5 0.5
vt 0.5 0.5
vt 0.5 0.5
vt 0.5 0.5
vt 1 0.5
vt 0.5 0
vt 0 0.5
vt 0.5 1
vt 1 0.5
vn 0.2261297122490623 5.0210882618154066e-17 0.974097199071097
vn 0.2261297122490625 -0.9740971990710969 5.96462539985689e-17
vn 0.2261297122490623 -6.908162537898379e-17 -0.974097199071097
vn 0.22612971224906206 0.9740971990710969 -1.7893875537826177e-16
vn 0.2261297122490623 2.8879589861242974e-16 0.974097199071097
vn 0.2261297122490623 5.0210882618154066e-17 0.974097199071097
vn 0.2261297122490625 -0.9740971990710969 5.96462539985689e-17
vn 0.2261297122490623 -6.908162537898379e-17 -0.974097199071097
vn 0.22612971224906206 0.9740971990710969 -1.7893875537826177e-16
vn 0.2261297122490623 2.8879589861242974e-16 0.974097199071097
vn -1 -2.220446049250313e-16 0
vn -1 -2.220446049250313e-16 0
vn -1 -2.220446049250313e-16 0
vn -1 -2.220446049250313e-16 0
vn -1 -2.220446049250313e-16 0
vn -1 -2.220446049250313e-16 0
vn -1 -2.220446049250313e-16 0
vn -1 -2.220446049250313e-16 0
vn -1 -2.220446049250313e-16 0
f 246/246/246 247/247/247 242/242/242
f 247/247/247 248/248/248 243/243/243
f 248/248/248 249/249/249 244/244/244
f 249/249/249 250/250/250 245/245/245
f 256/256/256 255/255/255 251/251/251
f 257/257/257 256/256/256 252/252/252
f 258/258/258 257/257/257 253/253/253
f 259/259/259 258/258/258 254/254/254
o 
v -0.4140000006854534 1.9779999999999998 0
v -0.4140000006854534 1.9779999999999998 0
v -0.4140000006854534 1.9779999999999998 0
v -0.4140000006854534 1.9779999999999998 0
v -0.4140000006854534 1.9779999999999998 0
v -0.09199999931454664 1.9779999999999998 0.07474999725818633
v -0.09199999931454661 2.052749997258186 4.5771172310339825e-18
v -0.09199999931454664 1.9779999999999998 -0.07474999725818633
v -0.09199999931454667 1.9032500027418133 -1.3731352644359652e-17
v -0.09199999931454664 1.9779999999999998 0.07474999725818633
v -0.09199999931454664 1.9779999999999998 0
v -0.09199999931454664 1.9779999999999998 0
v -0.09199999931454664 1.9779999999999998 0
v -0.09199999931454664 1.9779999999999998 0
v -0.09199999931454664 1.9779999999999998 0.07474999725818633
v -0.09199999931454661 2.052749997258186 4.5771172310339825e-18
v -0.09199999931454664 1.9779999999999998 -0.07474999725818633
v -0.09199999931454667 1.9032500027418133 -1.3731352644359652e-17
v -0.09199999931454664 1.9779999999999998 0.07474999725818633
vt 0 1
vt 0.25 1
vt 0.5 1
vt 0.75 1
vt 1 1
vt 0 0
vt 0.25 0
vt 0.5 0
vt 0.75 0
vt 1 0
vt 0.5 0.5
vt 0.5 0.5
vt 0.5 0.5
vt 0.5 0.5
vt 1 0.5
vt 0.5 0
vt 0 0.5
vt 0.5 1
vt 1 0.5
vn -0.2261297122490623 5.0210882618154066e-17 0.974097199071097
vn -0.22612971224906206 0.9740971990710969 5.96462539985689e-17
vn -0.2261297122490623 1.6950339061529193e-16 -0.974097199071097
vn -0.2261297122490625 -0.9740971990710969 -1.7893875537826177e-16
vn -0.2261297122490623 -1.8837413337612163e-16 0.974097199071097
vn -0.2261297122490623 5.0210882618154066e-17 0.974097199071097
vn -0.22612971224906206 0.9740971990710969 5.96462539985689e-17
vn -0.2261297122490623 1.6950339061529193e-16 -0.974097199071097
vn -0.2261297122490625 -0.9740971990710969 -1.7893875537826177e-16
vn -0.2261297122490623 -1.8837413337612163e-16 0.974097199071097
vn 1 -2.220446049250313e-16 0
vn 1 -2.220446049250313e-16 0
vn 1 -2.220446049250313e-16 0
vn 1 -2.220446049250313e-16 0
vn 1 -2.220446049250313e-16 0
vn 1 -2.220446049250313e-16 0
vn 1 -2.220446049250313e-16 0
vn 1 -2.220446049250313e-16 0
vn 1 -2.220446049250313e-16 0
f 265/265/265 266/266/266 261/261/261
f 266/266/266 267/267/267 262/262/262
f 267/267/267 268/268/268 263/263/263
f 268/268/268 269/269/269 264/264/264
f 275/275/275 274/274/274 270/270/270
f 276/276/276 275/275/275 271/271/271
f 277/277/277 276/276/276 272/272/272
f 278/278/278 277/277/277 273/273/273
o 
v 0 2.3920000006854534 0
v 0 2.3920000006854534 0
v 0 2.3920000006854534 0
v 0 2.3920000006854534 0
v 0 2.3920000006854534 0
v 0 2.0699999993145464 0.07474999725818633
v 0.07474999725818633 2.0699999993145464 4.5771172310339825e-18
v 9.154234462067965e-18 2.0699999993145464 -0.07474999725818633
v -0.07474999725818633 2.0699999993145464 -1.3731352644359652e-17
v -1.830846892413593e-17 2.0699999993145464 0.07474999725818633
v 0 2.0699999993145464 0
v 0 2.0699999993145464 0
v 0 2.0699999993145464 0
v 0 2.0699999993145464 0
v 0 2.0699999993145464 0.07474999725818633
v 0.07474999725818633 2.0699999993145464 4.5771172310339825e-18
v 9.154234462067965e-18 2.0699999993145464 -0.07474999725818633
v -0.07474999725818633 2.0699999993145464 -1.3731352644359652e-17
v -1.830846892413593e-17 2.0699999993145464 0.07474999725818633
vt 0 1
vt 0.25 1
vt 0.5 1
vt 0.75 1
vt 1 1
vt 0 0
vt 0.25 0
vt 0.5 0
vt 0.75 0
vt 1 0
vt 0.5 0.5
vt 0.5 0.5
vt 0.5 0.5
vt 0.5 0.5
vt 1 0.5
vt 0.5 0
vt 0 0.5
vt 0.5 1
vt 1 0.5
vn 0 0.22612971224906228 0.974097199071097
vn 0.974097199071097 0.22612971224906228 5.964625399856891e-17
vn 1.1929250799713783e-16 0.22612971224906228 -0.974097199071097
vn -0.974097199071097 0.22612971224906228 -1.7893875537826182e-16
vn -2.3858501599427566e-16 0.22612971224906228 0.974097199071097
vn 0 0.22612971224906228 0.974097199071097
vn 0.974097199071097 0.22612971224906228 5.964625399856891e-17
vn 1.1929250799713783e-16 0.22612971224906228 -0.974097199071097
vn -0.974097199071097 0.22612971224906228 -1.7893875537826182e-16
vn -2.3858501599427566e-16 0.22612971224906228 0.974097199071097
vn 0 -1 0
vn 0 -1 0
vn 0 -1 0
vn 0 -1 0
vn 0 -1 0
vn 0 -1 0
vn 0 -1 0
vn 0 -1 0
vn 0 -1 0
f 284/284/284 285/285/285 280/280/280
f 285/285/285 286/286/286 281/281/281
f 286/286/286 287/287/287 282/282/282
f 287/287/287 288/288/288 283/283/283
f 294/294/294 293/293/293 289/289/289
f 295/295/295 294/294/294 290/290/290
f 296/296/296 295/295/295 291/291/291
f 297/297/297 296/296/296 292/292/292
o 
v 0 1.5639999993145461 0
v 0 1.5639999993145461 0
v 0 1.5639999993145461 0
v 0 1.5639999993145461 0
v 0 1.5639999993145461 0
v 0 1.8860000006854531 0.07474999725818633
v -0.07474999725818633 1.8860000006854531 4.5771172310339825e-18
v -9.154234462067965e-18 1.8860000006854531 -0.07474999725818633
v 0.07474999725818633 1.8860000006854531 -1.3731352644359652e-17
v 1.830846892413593e-17 1.8860000006854531 0.07474999725818633
v 0 1.8860000006854531 0
v 0 1.8860000006854531 0
v 0 1.8860000006854531 0
v 0 1.8860000006854531 0
v 0 1.8860000006854531 0.07474999725818633
v -0.07474999725818633 1.8860000006854531 4.5771172310339825e-18
v -9.154234462067965e-18 1.8860000006854531 -0.07474999725818633
v 0.07474999725818633 1.8860000006854531 -1.3731352644359652e-17
v 1.830846892413593e-17 1.8860000006854531 0.07474999725818633
vt 0 1
vt 0.25 1
vt 0.5 1
vt 0.75 1
vt 1 1
vt 0 0
vt 0.25 0
vt 0.5 0
vt 0.75 0
vt 1 0
vt 0.5 0.5
vt 0.5 0.5
vt 0.5 0.5
vt 0.5 0.5
vt 1 0.5
vt 0.5 0
vt 0 0.5
vt 0.5 1
vt 1 0.5
vn 0 -0.22612971224906228 0.974097199071097
vn -0.974097199071097 -0.22612971224906228 5.964625399856891e-17
vn -1.1929250799713783e-16 -0.22612971224906228 -0.974097199071097
vn 0.974097199071097 -0.22612971224906228 -1.7893875537826182e-16
vn 2.3858501599427566e-16 -0.22612971224906228 0.974097199071097
vn 0 -0.22612971224906228 0.974097199071097
vn -0.974097199071097 -0.22612971224906228 5.964625399856891e-17
vn -1.1929250799713783e-16 -0.22612971224906228 -0.974097199071097
vn 0.974097199071097 -0.22612971224906228 -1.7893875537826182e-16
vn 2.3858501599427566e-16 -0.22612971224906228 0.974097199071097
vn 0 1 0
vn 0 1 0
vn 0 1 0
vn 0 1 0
vn 0 1 0
vn 0 1 0
vn 0 1 0
vn 0 1 0
vn 0 1 0
f 303/303/303 304/304/304 299/299/299
f 304/304/304 305/305/305 300/300/300
f 305/305/305 306/306/306 301/301/301
f 306/306/306 307/307/307 302/302/302
f 313/313/313 312/312/312 308/308/308
f 314/314/314 313/313/313 309/309/309
f 315/315/315 314/314/314 310/310/310
f 316/316/316 315/315/315 311/311/311
o 
v 0 1.9779999999999998 0.4140000006854534
v 0 1.9779999999999998 0.4140000006854534
v 0 1.9779999999999998 0.4140000006854534
v 0 1.9779999999999998 0.4140000006854534
v 0 1.9779999999999998 0.4140000006854534
v 0 1.9032500027418133 0.09199999931454667
v 0.07474999725818633 1.9779999999999998 0.09199999931454664
v 9.154234462067965e-18 2.052749997258186 0.09199999931454661
v -0.07474999725818633 1.9779999999999998 0.09199999931454664
v -1.830846892413593e-17 1.9032500027418133 0.09199999931454667
v 0 1.9779999999999998 0.09199999931454664
v 0 1.9779999999999998 0.09199999931454664
v 0 1.9779999999999998 0.09199999931454664
v 0 1.9779999999999998 0.09199999931454664
v 0 1.9032500027418133 0.09199999931454667
v 0.07474999725818633 1.9779999999999998 0.09199999931454664
v 9.154234462067965e-18 2.052749997258186 0.09199999931454661
v -0.07474999725818633 1.9779999999999998 0.09199999931454664
v -1.830846892413593e-17 1.9032500027418133 0.09199999931454667
vt 0 1
vt 0.25 1
vt 0.5 1
vt 0.75 1
vt 1 1
vt 0 0
vt 0.25 0
vt 0.5 0
vt 0.75 0
vt 1 0
vt 0.5 0.5
vt 0.5 0.5
vt 0.5 0.5
vt 0.5 0.5
vt 1 0.5
vt 0.5 0
vt 0 0.5
vt 0.5 1
vt 1 0.5
vn 0 -0.9740971990710969 0.2261297122490625
vn 0.974097199071097 -9.435371380414863e-18 0.2261297122490623
vn 1.192925079971378e-16 0.9740971990710969 0.22612971224906206
vn -0.974097199071097 2.291496379964159e-16 0.2261297122490623
vn -2.385850159942756e-16 -0.9740971990710969 0.2261297122490625
vn 0 -0.9740971990710969 0.2261297122490625
vn 0.974097199071097 -9.435371380414863e-18 0.2261297122490623
vn 1.192925079971378e-16 0.9740971990710969 0.22612971224906206
vn -0.974097199071097 2.291496379964159e-16 0.2261297122490623
vn -2.385850159942756e-16 -0.9740971990710969 0.2261297122490625
vn 0 -2.220446049250313e-16 -1
vn 0 -2.220446049250313e-16 -1
vn 0 -2.220446049250313e-16 -1
vn 0 -2.220446049250313e-16 -1
vn 0 -2.220446049250313e-16 -1
vn 0 -2.220446049250313e-16 -1
vn 0 -2.220446049250313e-16 -1
vn 0 -2.220446049250313e-16 -1
vn 0 -2.220446049250313e-16 -1
f 322/322/322 323/323/323 318/318/318
f 323/323/323 324/324/324 319/319/319
f 324/324/324 325/325/325 320/320/320
f 325/325/325 326/326/326 321/321/321
f 332/332/332 331/331/331 327/327/327
f 333/333/333 332/332/332 328/328/328
f 334/334/334 333/333/333 329/329/329
f 335/335/335 334/334/334 330/330/330
o 
v 0 1.9779999999999998 -0.4140000006854534
v 0 1.9779999999999998 -0.4140000006854534
v 0 1.9779999999999998 -0.4140000006854534
v 0 1.9779999999999998 -0.4140000006854534
v 0 1.9779999999999998 -0.4140000006854534
v 0 2.052749997258186 -0.09199999931454661
v 0.07474999725818633 1.9779999999999998 -0.09199999931454664
v 9.154234462067965e-18 1.9032500027418133 -0.09199999931454667
v -0.07474999725818633 1.9779999999999998 -0.09199999931454664
v -1.830846892413593e-17 2.052749997258186 -0.09199999931454661
v 0 1.9779999999999998 -0.09199999931454664
v 0 1.9779999999999998 -0.09199999931454664
v 0 1.9779999999999998 -0.09199999931454664
v 0 1.9779999999999998 -0.09199999931454664
v 0 2.052749997258186 -0.09199999931454661
v 0.07474999725818633 1.9779999999999998 -0.09199999931454664
v 9.154234462067965e-18 1.9032500027418133 -0.09199999931454667
v -0.07474999725818633 1.9779999999999998 -0.09199999931454664
v -1.830846892413593e-17 2.052749997258186 -0.09199999931454661
vt 0 1
vt 0.25 1
vt 0.5 1
vt 0.75 1
vt 1 1
vt 0 0
vt 0.25 0
vt 0.5 0
vt 0.75 0
vt 1 0
vt 0.5 0.5
vt 0.5 0.5
vt 0.5 0.5
vt 0.5 0.5
vt 1 0.5
vt 0.5 0
vt 0 0.5
vt 0.5 1
vt 1 0.5
vn 0 0.9740971990710969 -0.22612971224906206
vn 0.974097199071097 1.0985713661672298e-16 -0.2261297122490623
vn 1.192925079971378e-16 -0.9740971990710969 -0.2261297122490625
vn -0.974097199071097 -1.2872787276010777e-16 -0.2261297122490623
vn -2.385850159942756e-16 0.9740971990710969 -0.22612971224906206
vn 0 0.9740971990710969 -0.22612971224906206
vn 0.974097199071097 1.0985713661672298e-16 -0.2261297122490623
vn 1.192925079971378e-16 -0.9740971990710969 -0.2261297122490625
vn -0.974097199071097 -1.2872787276010777e-16 -0.2261297122490623
vn -2.385850159942756e-16 0.9740971990710969 -0.22612971224906206
vn 0 -2.220446049250313e-16 1
vn 0 -2.220446049250313e-16 1
vn 0 -2.220446049250313e-16 1
vn 0 -2.220446049250313e-16 1
vn 0 -2.220446049250313e-16 1
vn 0 -2.220446049250313e-16 1
vn 0 -2.220446049250313e-16 1
vn 0 -2.220446049250313e-16 1
vn 0 -2.220446049250313e-16 1
f 341/341/341 342/342/342 337/337/337
f 342/342/342 343/343/343 338/338/338
f 343/343/343 344/344/344 339/339/339
f 344/344/344 345/345/345 340/340/340
f 351/351/351 350/350/350 346/346/346
f 352/352/352 351/351/351 347/347/347
f 353/353/353 352/352/352 348/348/348
f 354/354/354 353/353/353 349/349/349
o Star_Ring
v 0.5703999906778335 1.9779999999999998 0
v 0.5655201449990273 1.9779999999999998 0.07445214204490185
v 0.5509640961885451 1.9779999999999998 0.14763038605451584
v 0.5269808694720268 1.9779999999999998 0.21828262284398078
v 0.4939808800816536 1.9779999999999998 0.28519999533891677
v 0.45252873599529264 1.9779999999999998 0.3472375050187111
v 0.40333371013402936 1.9779999999999998 0.40333371013402936
v 0.3472375050187111 1.9779999999999998 0.45252873599529264
v 0.28519999533891677 1.9779999999999998 0.4939808800816536
v 0.21828262284398078 1.978 0.5269808694720268
v 0.14763038605451584 1.978 0.5509640961885451
v 0.07445214204490185 1.978 0.5655201449990273
v 3.492692580050926e-17 1.978 0.5703999906778335
v -0.07445214204490185 1.978 0.5655201449990273
v -0.14763038605451584 1.978 0.5509640961885451
v -0.21828262284398078 1.978 0.5269808694720268
v -0.28519999533891677 1.9779999999999998 0.4939808800816536
v -0.3472375050187111 1.9779999999999998 0.45252873599529264
v -0.40333371013402936 1.9779999999999998 0.40333371013402936
v -0.45252873599529264 1.9779999999999998 0.3472375050187111
v -0.4939808800816536 1.9779999999999998 0.28519999533891677
v -0.5269808694720268 1.9779999999999998 0.21828262284398078
v -0.5509640961885451 1.9779999999999998 0.14763038605451584
v -0.5655201449990273 1.9779999999999998 0.07445214204490185
v -0.5703999906778335 1.9779999999999998 6.985385160101853e-17
v -0.5655201449990273 1.9779999999999998 -0.07445214204490185
v -0.5509640961885451 1.9779999999999998 -0.14763038605451584
v -0.5269808694720268 1.9779999999999998 -0.21828262284398078
v -0.4939808800816536 1.9779999999999998 -0.28519999533891677
v -0.45252873599529264 1.9779999999999998 -0.3472375050187111
v -0.40333371013402936 1.9779999999999998 -0.40333371013402936
v -0.3472375050187111 1.9779999999999998 -0.45252873599529264
v -0.28519999533891677 1.9779999999999998 -0.4939808800816536
v -0.21828262284398078 1.9779999999999995 -0.5269808694720268
v -0.14763038605451584 1.9779999999999995 -0.5509640961885451
v -0.07445214204490185 1.9779999999999995 -0.5655201449990273
v -1.0478077740152778e-16 1.9779999999999995 -0.5703999906778335
v 0.07445214204490185 1.9779999999999995 -0.5655201449990273
v 0.14763038605451584 1.9779999999999995 -0.5509640961885451
v 0.21828262284398078 1.9779999999999995 -0.5269808694720268
v 0.28519999533891677 1.9779999999999998 -0.4939808800816536
v 0.3472375050187111 1.9779999999999998 -0.45252873599529264
v 0.40333371013402936 1.9779999999999998 -0.40333371013402936
v 0.45252873599529264 1.9779999999999998 -0.3472375050187111
v 0.4939808800816536 1.9779999999999998 -0.28519999533891677
v 0.5269808694720268 1.9779999999999998 -0.21828262284398078
v 0.5509640961885451 1.9779999999999998 -0.14763038605451584
v 0.5655201449990273 1.9779999999999998 -0.07445214204490185
v 0.5703999906778335 1.9779999999999998 -1.3970770320203705e-16
v 0.5519999876618384 1.9595999991260467 4.085620924677148e-18
v 0.5472775563597678 1.9595999991260467 0.07205045893788337
v 0.533191043138504 1.9595999991260467 0.14286811277270317
v 0.5099814876914024 1.9595999991260467 0.21124125123023985
v 0.47804600745439524 1.9595999991260467 0.2759999938309192
v 0.4379310458898544 1.9595999991260467 0.33603630512952803
v 0.3903229475021362 1.9595999991260467 0.3903229475021362
v 0.33603630512952803 1.9595999991260467 0.4379310458898544
v 0.2759999938309192 1.9595999991260467 0.47804600745439524
v 0.21124125123023985 1.9595999991260469 0.5099814876914024
v 0.14286811277270317 1.9595999991260469 0.533191043138504
v 0.07205045893788337 1.9595999991260469 0.5472775563597678
v 3.3800252370344467e-17 1.9595999991260469 0.5519999876618384
v -0.07205045893788337 1.9595999991260469 0.5472775563597678
v -0.14286811277270317 1.9595999991260469 0.533191043138504
v -0.21124125123023985 1.9595999991260469 0.5099814876914024
v -0.2759999938309192 1.9595999991260467 0.47804600745439524
v -0.33603630512952803 1.9595999991260467 0.4379310458898544
v -0.3903229475021362 1.9595999991260467 0.3903229475021362
v -0.4379310458898544 1.9595999991260467 0.33603630512952803
v -0.47804600745439524 1.9595999991260467 0.2759999938309192
v -0.5099814876914024 1.9595999991260467 0.21124125123023985
v -0.533191043138504 1.9595999991260467 0.14286811277270317
v -0.5472775563597678 1.9595999991260467 0.07205045893788337
v -0.5519999876618384 1.9595999991260467 7.168612566536608e-17
v -0.5472775563597678 1.9595999991260467 -0.07205045893788337
v -0.533191043138504 1.9595999991260467 -0.14286811277270317
v -0.5099814876914024 1.9595999991260467 -0.21124125123023985
v -0.47804600745439524 1.9595999991260467 -0.2759999938309192
v -0.4379310458898544 1.9595999991260467 -0.33603630512952803
v -0.3903229475021362 1.9595999991260467 -0.3903229475021362
v -0.33603630512952803 1.9595999991260467 -0.4379310458898544
v -0.2759999938309192 1.9595999991260467 -0.47804600745439524
v -0.21124125123023985 1.9595999991260464 -0.5099814876914024
v -0.14286811277270317 1.9595999991260464 -0.533191043138504
v -0.07205045893788337 1.9595999991260464 -0.5472775563597678
v -1.0140075330600259e-16 1.9595999991260464 -0.5519999876618384
v 0.07205045893788337 1.9595999991260464 -0.5472775563597678
v 0.14286811277270317 1.9595999991260464 -0.533191043138504
v 0.21124125123023985 1.9595999991260464 -0.5099814876914024
v 0.2759999938309192 1.9595999991260467 -0.47804600745439524
v 0.33603630512952803 1.9595999991260467 -0.4379310458898544
v 0.3903229475021362 1.9595999991260467 -0.3903229475021362
v 0.4379310458898544 1.9595999991260467 -0.33603630512952803
v 0.47804600745439524 1.9595999991260467 -0.2759999938309192
v 0.5099814876914024 1.9595999991260467 -0.21124125123023985
v 0.533191043138504 1.9595999991260467 -0.14286811277270317
v 0.5472775563597678 1.9595999991260467 -0.07205045893788337
v 0.5519999876618384 1.9595999991260467 -1.3111538855670072e-16
v 0.5335999846458435 1.9779999999999998 5.0034425263668735e-34
v 0.5290349677205085 1.9779999999999998 0.0696487758308649
v 0.5154180243611335 1.9779999999999998 0.1381058394908905
v 0.492982105910778 1.9779999999999998 0.20419987961649894
v 0.4621111690998077 1.9779999999999998 0.26679999232292173
v 0.42333335578441617 1.9779999999999998 0.324835105240345
v 0.37731218487024304 1.9779999999999998 0.37731218487024304
v 0.324835105240345 1.9779999999999998 0.42333335578441617
v 0.26679999232292173 1.9779999999999998 0.4621111690998077
v 0.20419987961649894 1.9779999999999998 0.492982105910778
v 0.1381058394908905 1.978 0.5154180243611335
v 0.0696487758308649 1.978 0.5290349677205085
v 3.267357513514885e-17 1.978 0.5335999846458435
v -0.0696487758308649 1.978 0.5290349677205085
v -0.1381058394908905 1.978 0.5154180243611335
v -0.20419987961649894 1.9779999999999998 0.492982105910778
v -0.26679999232292173 1.9779999999999998 0.4621111690998077
v -0.324835105240345 1.9779999999999998 0.42333335578441617
v -0.37731218487024304 1.9779999999999998 0.37731218487024304
v -0.42333335578441617 1.9779999999999998 0.324835105240345
v -0.4621111690998077 1.9779999999999998 0.26679999232292173
v -0.492982105910778 1.9779999999999998 0.20419987961649894
v -0.5154180243611335 1.9779999999999998 0.1381058394908905
v -0.5290349677205085 1.9779999999999998 0.0696487758308649
v -0.5335999846458435 1.9779999999999998 6.53471502702977e-17
v -0.5290349677205085 1.9779999999999998 -0.0696487758308649
v -0.5154180243611335 1.9779999999999998 -0.1381058394908905
v -0.492982105910778 1.9779999999999998 -0.20419987961649894
v -0.4621111690998077 1.9779999999999998 -0.26679999232292173
v -0.42333335578441617 1.9779999999999998 -0.324835105240345
v -0.37731218487024304 1.9779999999999998 -0.37731218487024304
v -0.324835105240345 1.9779999999999998 -0.42333335578441617
v -0.26679999232292173 1.9779999999999998 -0.4621111690998077
v -0.20419987961649894 1.9779999999999995 -0.492982105910778
v -0.1381058394908905 1.9779999999999995 -0.5154180243611335
v -0.0696487758308649 1.9779999999999995 -0.5290349677205085
v -9.802072921047738e-17 1.9779999999999995 -0.5335999846458435
v 0.0696487758308649 1.9779999999999995 -0.5290349677205085
v 0.1381058394908905 1.9779999999999995 -0.5154180243611335
v 0.20419987961649894 1.9779999999999995 -0.492982105910778
v 0.26679999232292173 1.9779999999999998 -0.4621111690998077
v 0.324835105240345 1.9779999999999998 -0.42333335578441617
v 0.37731218487024304 1.9779999999999998 -0.37731218487024304
v 0.42333335578441617 1.9779999999999998 -0.324835105240345
v 0.4621111690998077 1.9779999999999998 -0.26679999232292173
v 0.492982105910778 1.9779999999999998 -0.20419987961649894
v 0.5154180243611335 1.9779999999999998 -0.1381058394908905
v 0.5290349677205085 1.9779999999999998 -0.0696487758308649
v 0.5335999846458435 1.9779999999999998 -1.306943005405954e-16
v 0.5519999876618384 1.9964000008739529 -4.085620924677148e-18
v 0.5472775563597678 1.9964000008739529 0.07205045893788337
v 0.533191043138504 1.9964000008739529 0.14286811277270317
v 0.5099814876914024 1.9964000008739529 0.21124125123023985
v 0.47804600745439524 1.9964000008739529 0.2759999938309192
v 0.4379310458898544 1.9964000008739529 0.33603630512952803
v 0.3903229475021362 1.9964000008739529 0.3903229475021362
v 0.33603630512952803 1.9964000008739529 0.4379310458898544
v 0.2759999938309192 1.9964000008739529 0.47804600745439524
v 0.21124125123023985 1.996400000873953 0.5099814876914024
v 0.14286811277270317 1.996400000873953 0.533191043138504
v 0.07205045893788337 1.996400000873953 0.5472775563597678
v 3.3800252370344467e-17 1.996400000873953 0.5519999876618384
v -0.07205045893788337 1.996400000873953 0.5472775563597678
v -0.14286811277270317 1.996400000873953 0.533191043138504
v -0.21124125123023985 1.996400000873953 0.5099814876914024
v -0.2759999938309192 1.9964000008739529 0.47804600745439524
v -0.33603630512952803 1.9964000008739529 0.4379310458898544
v -0.3903229475021362 1.9964000008739529 0.3903229475021362
v -0.4379310458898544 1.9964000008739529 0.33603630512952803
v -0.47804600745439524 1.9964000008739529 0.2759999938309192
v -0.5099814876914024 1.9964000008739529 0.21124125123023985
v -0.533191043138504 1.9964000008739529 0.14286811277270317
v -0.5472775563597678 1.9964000008739529 0.07205045893788337
v -0.5519999876618384 1.9964000008739529 6.351488381601179e-17
v -0.5472775563597678 1.9964000008739529 -0.07205045893788337
v -0.533191043138504 1.9964000008739529 -0.14286811277270317
v -0.5099814876914024 1.9964000008739529 -0.21124125123023985
v -0.47804600745439524 1.9964000008739529 -0.2759999938309192
v -0.4379310458898544 1.9964000008739529 -0.33603630512952803
v -0.3903229475021362 1.9964000008739529 -0.3903229475021362
v -0.33603630512952803 1.9964000008739529 -0.4379310458898544
v -0.2759999938309192 1.9964000008739529 -0.47804600745439524
v -0.21124125123023985 1.9964000008739526 -0.5099814876914024
v -0.14286811277270317 1.9964000008739526 -0.533191043138504
v -0.07205045893788337 1.9964000008739526 -0.5472775563597678
v -1.0140075330600259e-16 1.9964000008739526 -0.5519999876618384
v 0.07205045893788337 1.9964000008739526 -0.5472775563597678
v 0.14286811277270317 1.9964000008739526 -0.533191043138504
v 0.21124125123023985 1.9964000008739526 -0.5099814876914024
v 0.2759999938309192 1.9964000008739529 -0.47804600745439524
v 0.33603630512952803 1.9964000008739529 -0.4379310458898544
v 0.3903229475021362 1.9964000008739529 -0.3903229475021362
v 0.4379310458898544 1.9964000008739529 -0.33603630512952803
v 0.47804600745439524 1.9964000008739529 -0.2759999938309192
v 0.5099814876914024 1.9964000008739529 -0.21124125123023985
v 0.533191043138504 1.9964000008739529 -0.14286811277270317
v 0.5472775563597678 1.9964000008739529 -0.07205045893788337
v 0.5519999876618384 1.9964000008739529 -1.3928663040605501e-16
v 0.5703999906778335 1.9779999999999998 -1.0006885052733747e-33
v 0.5655201449990273 1.9779999999999998 0.07445214204490185
v 0.5509640961885451 1.9779999999999998 0.14763038605451584
v 0.5269808694720268 1.9779999999999998 0.21828262284398078
v 0.4939808800816536 1.9779999999999998 0.28519999533891677
v 0.45252873599529264 1.9779999999999998 0.3472375050187111
v 0.40333371013402936 1.9779999999999998 0.40333371013402936
v 0.3472375050187111 1.9779999999999998 0.45252873599529264
v 0.28519999533891677 1.978 0.4939808800816536
v 0.21828262284398078 1.978 0.5269808694720268
v 0.14763038605451584 1.978 0.5509640961885451
v 0.07445214204490185 1.978 0.5655201449990273
v 3.492692580050926e-17 1.978 0.5703999906778335
v -0.07445214204490185 1.978 0.5655201449990273
v -0.14763038605451584 1.978 0.5509640961885451
v -0.21828262284398078 1.978 0.5269808694720268
v -0.28519999533891677 1.978 0.4939808800816536
v -0.3472375050187111 1.9779999999999998 0.45252873599529264
v -0.40333371013402936 1.9779999999999998 0.40333371013402936
v -0.45252873599529264 1.9779999999999998 0.3472375050187111
v -0.4939808800816536 1.9779999999999998 0.28519999533891677
v -0.5269808694720268 1.9779999999999998 0.21828262284398078
v -0.5509640961885451 1.9779999999999998 0.14763038605451584
v -0.5655201449990273 1.9779999999999998 0.07445214204490185
v -0.5703999906778335 1.9779999999999998 6.985385160101853e-17
v -0.5655201449990273 1.9779999999999998 -0.07445214204490185
v -0.5509640961885451 1.9779999999999998 -0.14763038605451584
v -0.5269808694720268 1.9779999999999998 -0.21828262284398078
v -0.4939808800816536 1.9779999999999998 -0.28519999533891677
v -0.45252873599529264 1.9779999999999998 -0.3472375050187111
v -0.40333371013402936 1.9779999999999998 -0.40333371013402936
v -0.3472375050187111 1.9779999999999998 -0.45252873599529264
v -0.28519999533891677 1.9779999999999998 -0.4939808800816536
v -0.21828262284398078 1.9779999999999995 -0.5269808694720268
v -0.14763038605451584 1.9779999999999995 -0.5509640961885451
v -0.07445214204490185 1.9779999999999995 -0.5655201449990273
v -1.0478077740152778e-16 1.9779999999999995 -0.5703999906778335
v 0.07445214204490185 1.9779999999999995 -0.5655201449990273
v 0.14763038605451584 1.9779999999999995 -0.5509640961885451
v 0.21828262284398078 1.9779999999999995 -0.5269808694720268
v 0.28519999533891677 1.9779999999999998 -0.4939808800816536
v 0.3472375050187111 1.9779999999999998 -0.45252873599529264
v 0.40333371013402936 1.9779999999999998 -0.40333371013402936
v 0.45252873599529264 1.9779999999999998 -0.3472375050187111
v 0.4939808800816536 1.9779999999999998 -0.28519999533891677
v 0.5269808694720268 1.9779999999999998 -0.21828262284398078
v 0.5509640961885451 1.9779999999999998 -0.14763038605451584
v 0.5655201449990273 1.9779999999999998 -0.07445214204490185
v 0.5703999906778335 1.9779999999999998 -1.3970770320203705e-16
vt 0 0
vt 0.02083333395421505 0
vt 0.0416666679084301 0
vt 0.0625 0
vt 0.0833333358168602 0
vt 0.1041666641831398 0
vt 0.125 0
vt 0.1458333283662796 0
vt 0.1666666716337204 0
vt 0.1875 0
vt 0.2083333283662796 0
vt 0.2291666716337204 0
vt 0.25 0
vt 0.2708333432674408 0
vt 0.2916666567325592 0
vt 0.3125 0
vt 0.3333333432674408 0
vt 0.3541666567325592 0
vt 0.375 0
vt 0.3958333432674408 0
vt 0.4166666567325592 0
vt 0.4375 0
vt 0.4583333432674408 0
vt 0.4791666567325592 0
vt 0.5 0
vt 0.5208333134651184 0
vt 0.5416666865348816 0
vt 0.5625 0
vt 0.5833333134651184 0
vt 0.6041666865348816 0
vt 0.625 0
vt 0.6458333134651184 0
vt 0.6666666865348816 0
vt 0.6875 0
vt 0.7083333134651184 0
vt 0.7291666865348816 0
vt 0.75 0
vt 0.7708333134651184 0
vt 0.7916666865348816 0
vt 0.8125 0
vt 0.8333333134651184 0
vt 0.8541666865348816 0
vt 0.875 0
vt 0.8958333134651184 0
vt 0.9166666865348816 0
vt 0.9375 0
vt 0.9583333134651184 0
vt 0.9791666865348816 0
vt 1 0
vt 0 0.25
vt 0.02083333395421505 0.25
vt 0.0416666679084301 0.25
vt 0.0625 0.25
vt 0.0833333358168602 0.25
vt 0.1041666641831398 0.25
vt 0.125 0.25
vt 0.1458333283662796 0.25
vt 0.1666666716337204 0.25
vt 0.1875 0.25
vt 0.2083333283662796 0.25
vt 0.2291666716337204 0.25
vt 0.25 0.25
vt 0.2708333432674408 0.25
vt 0.2916666567325592 0.25
vt 0.3125 0.25
vt 0.3333333432674408 0.25
vt 0.3541666567325592 0.25
vt 0.375 0.25
vt 0.3958333432674408 0.25
vt 0.4166666567325592 0.25
vt 0.4375 0.25
vt 0.4583333432674408 0.25
vt 0.4791666567325592 0.25
vt 0.5 0.25
vt 0.5208333134651184 0.25
vt 0.5416666865348816 0.25
vt 0.5625 0.25
vt 0.5833333134651184 0.25
vt 0.6041666865348816 0.25
vt 0.625 0.25
vt 0.6458333134651184 0.25
vt 0.6666666865348816 0.25
vt 0.6875 0.25
vt 0.7083333134651184 0.25
vt 0.7291666865348816 0.25
vt 0.75 0.25
vt 0.7708333134651184 0.25
vt 0.7916666865348816 0.25
vt 0.8125 0.25
vt 0.8333333134651184 0.25
vt 0.8541666865348816 0.25
vt 0.875 0.25
vt 0.8958333134651184 0.25
vt 0.9166666865348816 0.25
vt 0.9375 0.25
vt 0.9583333134651184 0.25
vt 0.9791666865348816 0.25
vt 1 0.25
vt 0 0.5
vt 0.02083333395421505 0.5
vt 0.0416666679084301 0.5
vt 0.0625 0.5
vt 0.0833333358168602 0.5
vt 0.1041666641831398 0.5
vt 0.125 0.5
vt 0.1458333283662796 0.5
vt 0.1666666716337204 0.5
vt 0.1875 0.5
vt 0.2083333283662796 0.5
vt 0.2291666716337204 0.5
vt 0.25 0.5
vt 0.2708333432674408 0.5
vt 0.2916666567325592 0.5
vt 0.3125 0.5
vt 0.3333333432674408 0.5
vt 0.3541666567325592 0.5
vt 0.375 0.5
vt 0.3958333432674408 0.5
vt 0.4166666567325592 0.5
vt 0.4375 0.5
vt 0.4583333432674408 0.5
vt 0.4791666567325592 0.5
vt 0.5 0.5
vt 0.5208333134651184 0.5
vt 0.5416666865348816 0.5
vt 0.5625 0.5
vt 0.5833333134651184 0.5
vt 0.6041666865348816 0.5
vt 0.625 0.5
vt 0.6458333134651184 0.5
vt 0.6666666865348816 0.5
vt 0.6875 0.5
vt 0.7083333134651184 0.5
vt 0.7291666865348816 0.5
vt 0.75 0.5
vt 0.7708333134651184 0.5
vt 0.7916666865348816 0.5
vt 0.8125 0.5
vt 0.8333333134651184 0.5
vt 0.8541666865348816 0.5
vt 0.875 0.5
vt 0.8958333134651184 0.5
vt 0.9166666865348816 0.5
vt 0.9375 0.5
vt 0.9583333134651184 0.5
vt 0.9791666865348816 0.5
vt 1 0.5
vt 0 0.75
vt 0.02083333395421505 0.75
vt 0.0416666679084301 0.75
vt 0.0625 0.75
vt 0.0833333358168602 0.75
vt 0.1041666641831398 0.75
vt 0.125 0.75
vt 0.1458333283662796 0.75
vt 0.1666666716337204 0.75
vt 0.1875 0.75
vt 0.2083333283662796 0.75
vt 0.2291666716337204 0.75
vt 0.25 0.75
vt 0.2708333432674408 0.75
vt 0.2916666567325592 0.75
vt 0.3125 0.75
vt 0.3333333432674408 0.75
vt 0.3541666567325592 0.75
vt 0.375 0.75
vt 0.3958333432674408 0.75
vt 0.4166666567325592 0.75
vt 0.4375 0.75
vt 0.4583333432674408 0.75
vt 0.4791666567325592 0.75
vt 0.5 0.75
vt 0.5208333134651184 0.75
vt 0.5416666865348816 0.75
vt 0.5625 0.75
vt 0.5833333134651184 0.75
vt 0.6041666865348816 0.75
vt 0.625 0.75
vt 0.6458333134651184 0.75
vt 0.6666666865348816 0.75
vt 0.6875 0.75
vt 0.7083333134651184 0.75
vt 0.7291666865348816 0.75
vt 0.75 0.75
vt 0.7708333134651184 0.75
vt 0.7916666865348816 0.75
vt 0.8125 0.75
vt 0.8333333134651184 0.75
vt 0.8541666865348816 0.75
vt 0.875 0.75
vt 0.8958333134651184 0.75
vt 0.9166666865348816 0.75
vt 0.9375 0.75
vt 0.9583333134651184 0.75
vt 0.9791666865348816 0.75
vt 1 0.75
vt 0 1
vt 0.02083333395421505 1
vt 0.0416666679084301 1
vt 0.0625 1
vt 0.0833333358168602 1
vt 0.1041666641831398 1
vt 0.125 1
vt 0.1458333283662796 1
vt 0.1666666716337204 1
vt 0.1875 1
vt 0.2083333283662796 1
vt 0.2291666716337204 1
vt 0.25 1
vt 0.2708333432674408 1
vt 0.2916666567325592 1
vt 0.3125 1
vt 0.3333333432674408 1
vt 0.3541666567325592 1
vt 0.375 1
vt 0.3958333432674408 1
vt 0.4166666567325592 1
vt 0.4375 1
vt 0.4583333432674408 1
vt 0.4791666567325592 1
vt 0.5 1
vt 0.5208333134651184 1
vt 0.5416666865348816 1
vt 0.5625 1
vt 0.5833333134651184 1
vt 0.6041666865348816 1
vt 0.625 1
vt 0.6458333134651184 1
vt 0.6666666865348816 1
vt 0.6875 1
vt 0.7083333134651184 1
vt 0.7291666865348816 1
vt 0.75 1
vt 0.7708333134651184 1
vt 0.7916666865348816 1
vt 0.8125 1
vt 0.8333333134651184 1
vt 0.8541666865348816 1
vt 0.875 1
vt 0.8958333134651184 1
vt 0.9166666865348816 1
vt 0.9375 1
vt 0.9583333134651184 1
vt 0.9791666865348816 1
vt 1 1
vn 1 0 0
vn 0.9914448627185043 2.8982634515914327e-17 0.13052618200608704
vn 0.9659258257467467 5.746937306627514e-17 0.25881904712649273
vn 0.9238795305660376 8.497279259363762e-17 0.38268343706133684
vn 0.8660253998985326 1.1102230395700616e-16 0.5000000067305869
vn 0.7933533320874722 1.3517219337179586e-16 0.6087614397000725
vn 0.7071067811865475 1.570092458683775e-16 0.7071067811865475
vn 0.6087614397000725 1.7615982718931992e-16 0.7933533320874722
vn 0.5000000067305869 1.922962677755119e-16 0.8660253998985326
vn 0.38268343706133684 2.051424653628592e-16 0.9238795305660376
vn 0.25881904712649273 2.14478618364821e-16 0.9659258257467467
vn 0.13052618200608704 2.2014498284728219e-16 0.9914448627185043
vn 6.123234262925839e-17 2.220446049250313e-16 1
vn -0.13052618200608704 2.2014498284728219e-16 0.9914448627185043
vn -0.25881904712649273 2.14478618364821e-16 0.9659258257467467
vn -0.38268343706133684 2.051424653628592e-16 0.9238795305660376
vn -0.5000000067305869 1.922962677755119e-16 0.8660253998985326
vn -0.6087614397000725 1.7615982718931992e-16 0.7933533320874722
vn -0.7071067811865475 1.570092458683775e-16 0.7071067811865475
vn -0.7933533320874722 1.3517219337179586e-16 0.6087614397000725
vn -0.8660253998985326 1.1102230395700616e-16 0.5000000067305869
vn -0.9238795305660376 8.497279259363762e-17 0.38268343706133684
vn -0.9659258257467467 5.746937306627514e-17 0.25881904712649273
vn -0.9914448627185043 2.8982634515914327e-17 0.13052618200608704
vn -1 2.7192622655495665e-32 1.2246468525851679e-16
vn -0.9914448627185043 -2.8982634515914327e-17 -0.13052618200608704
vn -0.9659258257467467 -5.746937306627514e-17 -0.25881904712649273
vn -0.9238795305660376 -8.497279259363762e-17 -0.38268343706133684
vn -0.8660253998985326 -1.1102230395700616e-16 -0.5000000067305869
vn -0.7933533320874722 -1.3517219337179586e-16 -0.6087614397000725
vn -0.7071067811865475 -1.570092458683775e-16 -0.7071067811865475
vn -0.6087614397000725 -1.7615982718931992e-16 -0.7933533320874722
vn -0.5000000067305869 -1.922962677755119e-16 -0.8660253998985326
vn -0.38268343706133684 -2.051424653628592e-16 -0.9238795305660376
vn -0.25881904712649273 -2.14478618364821e-16 -0.9659258257467467
vn -0.13052618200608704 -2.2014498284728219e-16 -0.9914448627185043
vn -1.836970146528854e-16 -2.220446049250313e-16 -1
vn 0.13052618200608704 -2.2014498284728219e-16 -0.9914448627185043
vn 0.25881904712649273 -2.14478618364821e-16 -0.9659258257467467
vn 0.38268343706133684 -2.051424653628592e-16 -0.9238795305660376
vn 0.5000000067305869 -1.922962677755119e-16 -0.8660253998985326
vn 0.6087614397000725 -1.7615982718931992e-16 -0.7933533320874722
vn 0.7071067811865475 -1.570092458683775e-16 -0.7071067811865475
vn 0.7933533320874722 -1.3517219337179586e-16 -0.6087614397000725
vn 0.8660253998985326 -1.1102230395700616e-16 -0.5000000067305869
vn 0.9238795305660376 -8.497279259363762e-17 -0.38268343706133684
vn 0.9659258257467467 -5.746937306627514e-17 -0.25881904712649273
vn 0.9914448627185043 -2.8982634515914327e-17 -0.13052618200608704
vn 1 -5.438524531099133e-32 -2.4492937051703357e-16
vn 0 -1 2.220446049250313e-16
vn 0 -1 2.220446049250313e-16
vn 0 -1 2.220446049250313e-16
vn 0 -1 2.220446049250313e-16
vn 0 -1 2.220446049250313e-16
vn 0 -1 2.220446049250313e-16
vn 0 -1 2.220446049250313e-16
vn 0 -1 2.220446049250313e-16
vn 0 -1 2.220446049250313e-16
vn 0 -1 2.220446049250313e-16
vn 0 -1 2.220446049250313e-16
vn 0 -1 2.220446049250313e-16
vn 0 -1 2.220446049250313e-16
vn 0 -1 2.220446049250313e-16
vn 0 -1 2.220446049250313e-16
vn 0 -1 2.220446049250313e-16
vn 0 -1 2.220446049250313e-16
vn 0 -1 2.220446049250313e-16
vn 0 -1 2.220446049250313e-16
vn 0 -1 2.220446049250313e-16
vn 0 -1 2.220446049250313e-16
vn 0 -1 2.220446049250313e-16
vn 0 -1 2.220446049250313e-16
vn 0 -1 2.220446049250313e-16
vn 0 -1 2.220446049250313e-16
vn 0 -1 2.220446049250313e-16
vn 0 -1 2.220446049250313e-16
vn 0 -1 2.220446049250313e-16
vn 0 -1 2.220446049250313e-16
vn 0 -1 2.220446049250313e-16
vn 0 -1 2.220446049250313e-16
vn 0 -1 2.220446049250313e-16
vn 0 -1 2.220446049250313e-16
vn 0 -1 2.220446049250313e-16
vn 0 -1 2.220446049250313e-16
vn 0 -1 2.220446049250313e-16
vn 0 -1 2.220446049250313e-16
vn 0 -1 2.220446049250313e-16
vn 0 -1 2.220446049250313e-16
vn 0 -1 2.220446049250313e-16
vn 0 -1 2.220446049250313e-16
vn 0 -1 2.220446049250313e-16
vn 0 -1 2.220446049250313e-16
vn 0 -1 2.220446049250313e-16
vn 0 -1 2.220446049250313e-16
vn 0 -1 2.220446049250313e-16
vn 0 -1 2.220446049250313e-16
vn 0 -1 2.220446049250313e-16
vn 0 -1 2.220446049250313e-16
vn -1 -1.2246468525851679e-16 2.7192622655495665e-32
vn -0.9914448627185043 -1.5144731693192656e-16 -0.13052618200608704
vn -0.9659258257467467 -1.7993405997622625e-16 -0.25881904712649273
vn -0.9238795305660376 -2.0743748134659667e-16 -0.38268343706133684
vn -0.8660253998985326 -2.334869908640414e-16 -0.5000000067305869
vn -0.7933533320874722 -2.576368806245918e-16 -0.6087614397000725
vn -0.7071067811865475 -2.794739332227881e-16 -0.7071067811865475
vn -0.6087614397000725 -2.986245144421159e-16 -0.7933533320874722
vn -0.5000000067305869 -3.1476095468254707e-16 -0.8660253998985326
vn -0.38268343706133684 -3.276071541158182e-16 -0.9238795305660376
vn -0.25881904712649273 -3.3694330527477214e-16 -0.9659258257467467
vn -0.13052618200608704 -3.426096652632944e-16 -0.9914448627185043
vn -6.123234262925839e-17 -3.445092901835481e-16 -1
vn 0.13052618200608704 -3.426096652632944e-16 -0.9914448627185043
vn 0.25881904712649273 -3.3694330527477214e-16 -0.9659258257467467
vn 0.38268343706133684 -3.276071541158182e-16 -0.9238795305660376
vn 0.5000000067305869 -3.1476095468254707e-16 -0.8660253998985326
vn 0.6087614397000725 -2.986245144421159e-16 -0.7933533320874722
vn 0.7071067811865475 -2.794739332227881e-16 -0.7071067811865475
vn 0.7933533320874722 -2.576368806245918e-16 -0.6087614397000725
vn 0.8660253998985326 -2.334869908640414e-16 -0.5000000067305869
vn 0.9238795305660376 -2.0743748134659667e-16 -0.38268343706133684
vn 0.9659258257467467 -1.7993405997622625e-16 -0.25881904712649273
vn 0.9914448627185043 -1.5144731693192656e-16 -0.13052618200608704
vn 1 -1.224646852585168e-16 -1.2246468525851676e-16
vn 0.9914448627185043 -9.348204790009788e-17 0.13052618200608704
vn 0.9659258257467467 -6.499531384367599e-17 0.25881904712649273
vn 0.9238795305660376 -3.74918961593214e-17 0.38268343706133684
vn 0.8660253998985326 -1.1442382950029032e-17 0.5000000067305869
vn 0.7933533320874722 1.270750611899993e-17 0.6087614397000725
vn 0.7071067811865475 3.4544558513966865e-17 0.7071067811865475
vn 0.6087614397000725 5.3695139936524e-17 0.7933533320874722
vn 0.5000000067305869 6.983158086847671e-17 0.8660253998985326
vn 0.38268343706133684 8.267777660990016e-17 0.9238795305660376
vn 0.25881904712649273 9.201393145486987e-17 0.9659258257467467
vn 0.13052618200608704 9.768030043126999e-17 0.9914448627185043
vn 1.836970146528854e-16 9.957991966651452e-17 1
vn -0.13052618200608704 9.768030043126999e-17 0.9914448627185043
vn -0.25881904712649273 9.201393145486987e-17 0.9659258257467467
vn -0.38268343706133684 8.267777660990016e-17 0.9238795305660376
vn -0.5000000067305869 6.983158086847671e-17 0.8660253998985326
vn -0.6087614397000725 5.3695139936524e-17 0.7933533320874722
vn -0.7071067811865475 3.4544558513966865e-17 0.7071067811865475
vn -0.7933533320874722 1.270750611899993e-17 0.6087614397000725
vn -0.8660253998985326 -1.1442382950029032e-17 0.5000000067305869
vn -0.9238795305660376 -3.74918961593214e-17 0.38268343706133684
vn -0.9659258257467467 -6.499531384367599e-17 0.25881904712649273
vn -0.9914448627185043 -9.348204790009788e-17 0.13052618200608704
vn -1 -1.2246468525851674e-16 2.449293705170336e-16
vn 0 1 -2.220446049250313e-16
vn 0 1 -2.220446049250313e-16
vn 0 1 -2.220446049250313e-16
vn 0 1 -2.220446049250313e-16
vn 0 1 -2.220446049250313e-16
vn 0 1 -2.220446049250313e-16
vn 0 1 -2.220446049250313e-16
vn 0 1 -2.220446049250313e-16
vn 0 1 -2.220446049250313e-16
vn 0 1 -2.220446049250313e-16
vn 0 1 -2.220446049250313e-16
vn 0 1 -2.220446049250313e-16
vn 0 1 -2.220446049250313e-16
vn 0 1 -2.220446049250313e-16
vn 0 1 -2.220446049250313e-16
vn 0 1 -2.220446049250313e-16
vn 0 1 -2.220446049250313e-16
vn 0 1 -2.220446049250313e-16
vn 0 1 -2.220446049250313e-16
vn 0 1 -2.220446049250313e-16
vn 0 1 -2.220446049250313e-16
vn 0 1 -2.220446049250313e-16
vn 0 1 -2.220446049250313e-16
vn 0 1 -2.220446049250313e-16
vn 0 1 -2.220446049250313e-16
vn 0 1 -2.220446049250313e-16
vn 0 1 -2.220446049250313e-16
vn 0 1 -2.220446049250313e-16
vn 0 1 -2.220446049250313e-16
vn 0 1 -2.220446049250313e-16
vn 0 1 -2.220446049250313e-16
vn 0 1 -2.220446049250313e-16
vn 0 1 -2.220446049250313e-16
vn 0 1 -2.220446049250313e-16
vn 0 1 -2.220446049250313e-16
vn 0 1 -2.220446049250313e-16
vn 0 1 -2.220446049250313e-16
vn 0 1 -2.220446049250313e-16
vn 0 1 -2.220446049250313e-16
vn 0 1 -2.220446049250313e-16
vn 0 1 -2.220446049250313e-16
vn 0 1 -2.220446049250313e-16
vn 0 1 -2.220446049250313e-16
vn 0 1 -2.220446049250313e-16
vn 0 1 -2.220446049250313e-16
vn 0 1 -2.220446049250313e-16
vn 0 1 -2.220446049250313e-16
vn 0 1 -2.220446049250313e-16
vn 0 1 -2.220446049250313e-16
vn 1 2.4492937051703357e-16 -5.438524531099133e-32
vn 0.9914448627185043 2.7391199934793875e-16 0.13052618200608704
vn 0.9659258257467467 3.023987468861774e-16 0.25881904712649273
vn 0.9238795305660376 3.299021700995557e-16 0.38268343706133684
vn 0.8660253998985326 3.5595167777107656e-16 0.5000000067305869
vn 0.7933533320874722 3.801015678773877e-16 0.6087614397000725
vn 0.7071067811865475 4.0193862057719876e-16 0.7071067811865475
vn 0.6087614397000725 4.210892016949118e-16 0.7933533320874722
vn 0.5000000067305869 4.3722564158958234e-16 0.8660253998985326
vn 0.38268343706133684 4.500718428687772e-16 0.9238795305660376
vn 0.25881904712649273 4.594079921847232e-16 0.9659258257467467
vn 0.13052618200608704 4.650743476793067e-16 0.9914448627185043
vn 6.123234262925839e-17 4.669739754420649e-16 1
vn -0.13052618200608704 4.650743476793067e-16 0.9914448627185043
vn -0.25881904712649273 4.594079921847232e-16 0.9659258257467467
vn -0.38268343706133684 4.500718428687772e-16 0.9238795305660376
vn -0.5000000067305869 4.3722564158958234e-16 0.8660253998985326
vn -0.6087614397000725 4.210892016949118e-16 0.7933533320874722
vn -0.7071067811865475 4.0193862057719876e-16 0.7071067811865475
vn -0.7933533320874722 3.801015678773877e-16 0.6087614397000725
vn -0.8660253998985326 3.5595167777107656e-16 0.5000000067305869
vn -0.9238795305660376 3.299021700995557e-16 0.38268343706133684
vn -0.9659258257467467 3.023987468861774e-16 0.25881904712649273
vn -0.9914448627185043 2.7391199934793875e-16 0.13052618200608704
vn -1 2.449293705170336e-16 1.2246468525851674e-16
vn -0.9914448627185043 2.1594673031611008e-16 -0.13052618200608704
vn -0.9659258257467467 1.8746000075362712e-16 -0.25881904712649273
vn -0.9238795305660376 1.5995658491228043e-16 -0.38268343706133684
vn -0.8660253998985326 1.3390706985706422e-16 -0.5000000067305869
vn -0.7933533320874722 1.0975718113379599e-16 -0.6087614397000725
vn -0.7071067811865475 8.792012884044375e-17 -0.7071067811865475
vn -0.6087614397000725 6.876954731627193e-17 -0.7933533320874722
vn -0.5000000067305869 5.26331060385585e-17 -0.8660253998985326
vn -0.38268343706133684 3.9786912143058864e-17 -0.9238795305660376
vn -0.25881904712649273 3.045075545508125e-17 -0.9659258257467467
vn -0.13052618200608704 2.4784381984742224e-17 -0.9914448627185043
vn -1.836970146528854e-16 2.2884765592002257e-17 -1
vn 0.13052618200608704 2.4784381984742224e-17 -0.9914448627185043
vn 0.25881904712649273 3.045075545508125e-17 -0.9659258257467467
vn 0.38268343706133684 3.9786912143058864e-17 -0.9238795305660376
vn 0.5000000067305869 5.26331060385585e-17 -0.8660253998985326
vn 0.6087614397000725 6.876954731627193e-17 -0.7933533320874722
vn 0.7071067811865475 8.792012884044375e-17 -0.7071067811865475
vn 0.7933533320874722 1.0975718113379599e-16 -0.6087614397000725
vn 0.8660253998985326 1.3390706985706422e-16 -0.5000000067305869
vn 0.9238795305660376 1.5995658491228043e-16 -0.38268343706133684
vn 0.9659258257467467 1.8746000075362712e-16 -0.25881904712649273
vn 0.9914448627185043 2.1594673031611008e-16 -0.13052618200608704
vn 1 2.449293705170335e-16 -2.449293705170336e-16
f 404/404/404 355/355/355 405/405/405
f 355/355/355 356/356/356 405/405/405
f 405/405/405 356/356/356 406/406/406
f 356/356/356 357/357/357 406/406/406
f 406/406/406 357/357/357 407/407/407
f 357/357/357 358/358/358 407/407/407
f 407/407/407 358/358/358 408/408/408
f 358/358/358 359/359/359 408/408/408
f 408/408/408 359/359/359 409/409/409
f 359/359/359 360/360/360 409/409/409
f 409/409/409 360/360/360 410/410/410
f 360/360/360 361/361/361 410/410/410
f 410/410/410 361/361/361 411/411/411
f 361/361/361 362/362/362 411/411/411
f 411/411/411 362/362/362 412/412/412
f 362/362/362 363/363/363 412/412/412
f 412/412/412 363/363/363 413/413/413
f 363/363/363 364/364/364 413/413/413
f 413/413/413 364/364/364 414/414/414
f 364/364/364 365/365/365 414/414/414
f 414/414/414 365/365/365 415/415/415
f 365/365/365 366/366/366 415/415/415
f 415/415/415 366/366/366 416/416/416
f 366/366/366 367/367/367 416/416/416
f 416/416/416 367/367/367 417/417/417
f 367/367/367 368/368/368 417/417/417
f 417/417/417 368/368/368 418/418/418
f 368/368/368 369/369/369 418/418/418
f 418/418/418 369/369/369 419/419/419
f 369/369/369 370/370/370 419/419/419
f 419/419/419 370/370/370 420/420/420
f 370/370/370 371/371/371 420/420/420
f 420/420/420 371/371/371 421/421/421
f 371/371/371 372/372/372 421/421/421
f 421/421/421 372/372/372 422/422/422
f 372/372/372 373/373/373 422/422/422
f 422/422/422 373/373/373 423/423/423
f 373/373/373 374/374/374 423/423/423
f 423/423/423 374/374/374 424/424/424
f 374/374/374 375/375/375 424/424/424
f 424/424/424 375/375/375 425/425/425
f 375/375/375 376/376/376 425/425/425
f 425/425/425 376/376/376 426/426/426
f 376/376/376 377/377/377 426/426/426
f 426/426/426 377/377/377 427/427/427
f 377/377/377 378/378/378 427/427/427
f 427/427/427 378/378/378 428/428/428
f 378/378/378 379/379/379 428/428/428
f 428/428/428 379/379/379 429/429/429
f 379/379/379 380/380/380 429/429/429
f 429/429/429 380/380/380 430/430/430
f 380/380/380 381/381/381 430/430/430
f 430/430/430 381/381/381 431/431/431
f 381/381/381 382/382/382 431/431/431
f 431/431/431 382/382/382 432/432/432
f 382/382/382 383/383/383 432/432/432
f 432/432/432 383/383/383 433/433/433
f 383/383/383 384/384/384 433/433/433
f 433/433/433 384/384/384 434/434/434
f 384/384/384 385/385/385 434/434/434
f 434/434/434 385/385/385 435/435/435
f 385/385/385 386/386/386 435/435/435
f 435/435/435 386/386/386 436/436/436
f 386/386/386 387/387/387 436/436/436
f 436/436/436 387/387/387 437/437/437
f 387/387/387 388/388/388 437/437/437
f 437/437/437 388/388/388 438/438/438
f 388/388/388 389/389/389 438/438/438
f 438/438/438 389/389/389 439/439/439
f 389/389/389 390/390/390 439/439/439
f 439/439/439 390/390/390 440/440/440
f 390/390/390 391/391/391 440/440/440
f 440/440/440 391/391/391 441/441/441
f 391/391/391 392/392/392 441/441/441
f 441/441/441 392/392/392 442/442/442
f 392/392/392 393/393/393 442/442/442
f 442/442/442 393/393/393 443/443/443
f 393/393/393 394/394/394 443/443/443
f 443/443/443 394/394/394 444/444/444
f 394/394/394 395/395/395 444/444/444
f 444/444/444 395/395/395 445/445/445
f 395/395/395 396/396/396 445/445/445
f 445/445/445 396/396/396 446/446/446
f 396/396/396 397/397/397 446/446/446
f 446/446/446 397/397/397 447/447/447
f 397/397/397 398/398/398 447/447/447
f 447/447/447 398/398/398 448/448/448
f 398/398/398 399/399/399 448/448/448
f 448/448/448 399/399/399 449/449/449
f 399/399/399 400/400/400 449/449/449
f 449/449/449 400/400/400 450/450/450
f 400/400/400 401/401/401 450/450/450
f 450/450/450 401/401/401 451/451/451
f 401/401/401 402/402/402 451/451/451
f 451/451/451 402/402/402 452/452/452
f 402/402/402 403/403/403 452/452/452
f 453/453/453 404/404/404 454/454/454
f 404/404/404 405/405/405 454/454/454
f 454/454/454 405/405/405 455/455/455
f 405/405/405 406/406/406 455/455/455
f 455/455/455 406/406/406 456/456/456
f 406/406/406 407/407/407 456/456/456
f 456/456/456 407/407/407 457/457/457
f 407/407/407 408/408/408 457/457/457
f 457/457/457 408/408/408 458/458/458
f 408/408/408 409/409/409 458/458/458
f 458/458/458 409/409/409 459/459/459
f 409/409/409 410/410/410 459/459/459
f 459/459/459 410/410/410 460/460/460
f 410/410/410 411/411/411 460/460/460
f 460/460/460 411/411/411 461/461/461
f 411/411/411 412/412/412 461/461/461
f 461/461/461 412/412/412 462/462/462
f 412/412/412 413/413/413 462/462/462
f 462/462/462 413/413/413 463/463/463
f 413/413/413 414/414/414 463/463/463
f 463/463/463 414/414/414 464/464/464
f 414/414/414 415/415/415 464/464/464
f 464/464/464 415/415/415 465/465/465
f 415/415/415 416/416/416 465/465/465
f 465/465/465 416/416/416 466/466/466
f 416/416/416 417/417/417 466/466/466
f 466/466/466 417/417/417 467/467/467
f 417/417/417 418/418/418 467/467/467
f 467/467/467 418/418/418 468/468/468
f 418/418/418 419/419/419 468/468/468
f 468/468/468 419/419/419 469/469/469
f 419/419/419 420/420/420 469/469/469
f 469/469/469 420/420/420 470/470/470
f 420/420/420 421/421/421 470/470/470
f 470/470/470 421/421/421 471/471/471
f 421/421/421 422/422/422 471/471/471
f 471/471/471 422/422/422 472/472/472
f 422/422/422 423/423/423 472/472/472
f 472/472/472 423/423/423 473/473/473
f 423/423/423 424/424/424 473/473/473
f 473/473/473 424/424/424 474/474/474
f 424/424/424 425/425/425 474/474/474
f 474/474/474 425/425/425 475/475/475
f 425/425/425 426/426/426 475/475/475
f 475/475/475 426/426/426 476/476/476
f 426/426/426 427/427/427 476/476/476
f 476/476/476 427/427/427 477/477/477
f 427/427/427 428/428/428 477/477/477
f 477/477/477 428/428/428 478/478/478
f 428/428/428 429/429/429 478/478/478
f 478/478/478 429/429/429 479/479/479
f 429/429/429 430/430/430 479/479/479
f 479/479/479 430/430/430 480/480/480
f 430/430/430 431/431/431 480/480/480
f 480/480/480 431/431/431 481/481/481
f 431/431/431 432/432/432 481/481/481
f 481/481/481 432/432/432 482/482/482
f 432/432/432 433/433/433 482/482/482
f 482/482/482 433/433/433 483/483/483
f 433/433/433 434/434/434 483/483/483
f 483/483/483 434/434/434 484/484/484
f 434/434/434 435/435/435 484/484/484
f 484/484/484 435/435/435 485/485/485
f 435/435/435 436/436/436 485/485/485
f 485/485/485 436/436/436 486/486/486
f 436/436/436 437/437/437 486/486/486
f 486/486/486 437/437/437 487/487/487
f 437/437/437 438/438/438 487/487/487
f 487/487/487 438/438/438 488/488/488
f 438/438/438 439/439/439 488/488/488
f 488/488/488 439/439/439 489/489/489
f 439/439/439 440/440/440 489/489/489
f 489/489/489 440/440/440 490/490/490
f 440/440/440 441/441/441 490/490/490
f 490/490/490 441/441/441 491/491/491
f 441/441/441 442/442/442 491/491/491
f 491/491/491 442/442/442 492/492/492
f 442/442/442 443/443/443 492/492/492
f 492/492/492 443/443/443 493/493/493
f 443/443/443 444/444/444 493/493/493
f 493/493/493 444/444/444 494/494/494
f 444/444/444 445/445/445 494/494/494
f 494/494/494 445/445/445 495/495/495
f 445/445/445 446/446/446 495/495/495
f 495/495/495 446/446/446 496/496/496
f 446/446/446 447/447/447 496/496/496
f 496/496/496 447/447/447 497/497/497
f 447/447/447 448/448/448 497/497/497
f 497/497/497 448/448/448 498/498/498
f 448/448/448 449/449/449 498/498/498
f 498/498/498 449/449/449 499/499/499
f 449/449/449 450/450/450 499/499/499
f 499/499/499 450/450/450 500/500/500
f 450/450/450 451/451/451 500/500/500
f 500/500/500 451/451/451 501/501/501
f 451/451/451 452/452/452 501/501/501
f 502/502/502 453/453/453 503/503/503
f 453/453/453 454/454/454 503/503/503
f 503/503/503 454/454/454 504/504/504
f 454/454/454 455/455/455 504/504/504
f 504/504/504 455/455/455 505/505/505
f 455/455/455 456/456/456 505/505/505
f 505/505/505 456/456/456 506/506/506
f 456/456/456 457/457/457 506/506/506
f 506/506/506 457/457/457 507/507/507
f 457/457/457 458/458/458 507/507/507
f 507/507/507 458/458/458 508/508/508
f 458/458/458 459/459/459 508/508/508
f 508/508/508 459/459/459 509/509/509
f 459/459/459 460/460/460 509/509/509
f 509/509/509 460/460/460 510/510/510
f 460/460/460 461/461/461 510/510/510
f 510/510/510 461/461/461 511/511/511
f 461/461/461 462/462/462 511/511/511
f 511/511/511 462/462/462 512/512/512
f 462/462/462 463/463/463 512/512/512
f 512/512/512 463/463/463 513/513/513
f 463/463/463 464/464/464 513/513/513
f 513/513/513 464/464/464 514/514/514
f 464/464/464 465/465/465 514/514/514
f 514/514/514 465/465/465 515/515/515
f 465/465/465 466/466/466 515/515/515
f 515/515/515 466/466/466 516/516/516
f 466/466/466 467/467/467 516/516/516
f 516/516/516 467/467/467 517/517/517
f 467/467/467 468/468/468 517/517/517
f 517/517/517 468/468/468 518/518/518
f 468/468/468 469/469/469 518/518/518
f 518/518/518 469/469/469 519/519/519
f 469/469/469 470/470/470 519/519/519
f 519/519/519 470/470/470 520/520/520
f 470/470/470 471/471/471 520/520/520
f 520/520/520 471/471/471 521/521/521
f 471/471/471 472/472/472 521/521/521
f 521/521/521 472/472/472 522/522/522
f 472/472/472 473/473/473 522/522/522
f 522/522/522 473/473/473 523/523/523
f 473/473/473 474/474/474 523/523/523
f 523/523/523 474/474/474 524/524/524
f 474/474/474 475/475/475 524/524/524
f 524/524/524 475/475/475 525/525/525
f 475/475/475 476/476/476 525/525/525
f 525/525/525 476/476/476 526/526/526
f 476/476/476 477/477/477 526/526/526
f 526/526/526 477/477/477 527/527/527
f 477/477/477 478/478/478 527/527/527
f 527/527/527 478/478/478 528/528/528
f 478/478/478 479/479/479 528/528/528
f 528/528/528 479/479/479 529/529/529
f 479/479/479 480/480/480 529/529/529
f 529/529/529 480/480/480 530/530/530
f 480/480/480 481/481/481 530/530/530
f 530/530/530 481/481/481 531/531/531
f 481/481/481 482/482/482 531/531/531
f 531/531/531 482/482/482 532/532/532
f 482/482/482 483/483/483 532/532/532
f 532/532/532 483/483/483 533/533/533
f 483/483/483 484/484/484 533/533/533
f 533/533/533 484/484/484 534/534/534
f 484/484/484 485/485/485 534/534/534
f 534/534/534 485/485/485 535/535/535
f 485/485/485 486/486/486 535/535/535
f 535/535/535 486/486/486 536/536/536
f 486/486/486 487/487/487 536/536/536
f 536/536/536 487/487/487 537/537/537
f 487/487/487 488/488/488 537/537/537
f 537/537/537 488/488/488 538/538/538
f 488/488/488 489/489/489 538/538/538
f 538/538/538 489/489/489 539/539/539
f 489/489/489 490/490/490 539/539/539
f 539/539/539 490/490/490 540/540/540
f 490/490/490 491/491/491 540/540/540
f 540/540/540 491/491/491 541/541/541
f 491/491/491 492/492/492 541/541/541
f 541/541/541 492/492/492 542/542/542
f 492/492/492 493/493/493 542/542/542
f 542/542/542 493/493/493 543/543/543
f 493/493/493 494/494/494 543/543/543
f 543/543/543 494/494/494 544/544/544
f 494/494/494 495/495/495 544/544/544
f 544/544/544 495/495/495 545/545/545
f 495/495/495 496/496/496 545/545/545
f 545/545/545 496/496/496 546/546/546
f 496/496/496 497/497/497 546/546/546
f 546/546/546 497/497/497 547/547/547
f 497/497/497 498/498/498 547/547/547
f 547/547/547 498/498/498 548/548/548
f 498/498/498 499/499/499 548/548/548
f 548/548/548 499/499/499 549/549/549
f 499/499/499 500/500/500 549/549/549
f 549/549/549 500/500/500 550/550/550
f 500/500/500 501/501/501 550/550/550
f 551/551/551 502/502/502 552/552/552
f 502/502/502 503/503/503 552/552/552
f 552/552/552 503/503/503 553/553/553
f 503/503/503 504/504/504 553/553/553
f 553/553/553 504/504/504 554/554/554
f 504/504/504 505/505/505 554/554/554
f 554/554/554 505/505/505 555/555/555
f 505/505/505 506/506/506 555/555/555
f 555/555/555 506/506/506 556/556/556
f 506/506/506 507/507/507 556/556/556
f 556/556/556 507/507/507 557/557/557
f 507/507/507 508/508/508 557/557/557
f 557/557/557 508/508/508 558/558/558
f 508/508/508 509/509/509 558/558/558
f 558/558/558 509/509/509 559/559/559
f 509/509/509 510/510/510 559/559/559
f 559/559/559 510/510/510 560/560/560
f 510/510/510 511/511/511 560/560/560
f 560/560/560 511/511/511 561/561/561
f 511/511/511 512/512/512 561/561/561
f 561/561/561 512/512/512 562/562/562
f 512/512/512 513/513/513 562/562/562
f 562/562/562 513/513/513 563/563/563
f 513/513/513 514/514/514 563/563/563
f 563/563/563 514/514/514 564/564/564
f 514/514/514 515/515/515 564/564/564
f 564/564/564 515/515/515 565/565/565
f 515/515/515 516/516/516 565/565/565
f 565/565/565 516/516/516 566/566/566
f 516/516/516 517/517/517 566/566/566
f 566/566/566 517/517/517 567/567/567
f 517/517/517 518/518/518 567/567/567
f 567/567/567 518/518/518 568/568/568
f 518/518/518 519/519/519 568/568/568
f 568/568/568 519/519/519 569/569/569
f 519/519/519 520/520/520 569/569/569
f 569/569/569 520/520/520 570/570/570
f 520/520/520 521/521/521 570/570/570
f 570/570/570 521/521/521 571/571/571
f 521/521/521 522/522/522 571/571/571
f 571/571/571 522/522/522 572/572/572
f 522/522/522 523/523/523 572/572/572
f 572/572/572 523/523/523 573/573/573
f 523/523/523 524/524/524 573/573/573
f 573/573/573 524/524/524 574/574/574
f 524/524/524 525/525/525 574/574/574
f 574/574/574 525/525/525 575/575/575
f 525/525/525 526/526/526 575/575/575
f 575/575/575 526/526/526 576/576/576
f 526/526/526 527/527/527 576/576/576
f 576/576/576 527/527/527 577/577/577
f 527/527/527 528/528/528 577/577/577
f 577/577/577 528/528/528 578/578/578
f 528/528/528 529/529/529 578/578/578
f 578/578/578 529/529/529 579/579/579
f 529/529/529 530/530/530 579/579/579
f 579/579/579 530/530/530 580/580/580
f 530/530/530 531/531/531 580/580/580
f 580/580/580 531/531/531 581/581/581
f 531/531/531 532/532/532 581/581/581
f 581/581/581 532/532/532 582/582/582
f 532/532/532 533/533/533 582/582/582
f 582/582/582 533/533/533 583/583/583
f 533/533/533 534/534/534 583/583/583
f 583/583/583 534/534/534 584/584/584
f 534/534/534 535/535/535 584/584/584
f 584/584/584 535/535/535 585/585/585
f 535/535/535 536/536/536 585/585/585
f 585/585/585 536/536/536 586/586/586
f 536/536/536 537/537/537 586/586/586
f 586/586/586 537/537/537 587/587/587
f 537/537/537 538/538/538 587/587/587
f 587/587/587 538/538/538 588/588/588
f 538/538/538 539/539/539 588/588/588
f 588/588/588 539/539/539 589/589/589
f 539/539/539 540/540/540 589/589/589
f 589/589/589 540/540/540 590/590/590
f 540/540/540 541/541/541 590/590/590
f 590/590/590 541/541/541 591/591/591
f 541/541/541 542/542/542 591/591/591
f 591/591/591 542/542/542 592/592/592
f 542/542/542 543/543/543 592/592/592
f 592/592/592 543/543/543 593/593/593
f 543/543/543 544/544/544 593/593/593
f 593/593/593 544/544/544 594/594/594
f 544/544/544 545/545/545 594/594/594
f 594/594/594 545/545/545 595/595/595
f 545/545/545 546/546/546 595/595/595
f 595/595/595 546/546/546 596/596/596
f 546/546/546 547/547/547 596/596/596
f 596/596/596 547/547/547 597/597/597
f 547/547/547 548/548/548 597/597/597
f 597/597/597 548/548/548 598/598/598
f 548/548/548 549/549/549 598/598/598
f 598/598/598 549/549/549 599/599/599
f 549/549/549 550/550/550 599/599/599
o Star_Ring
v 0.2008120513136894 2.046283841921622 -0.5294978624554434
v 0.195933545079509 2.11961639440418 -0.5166342987097651
v 0.18770256279497427 2.1905258502810385 -0.49493098211567454
v 0.17625992768784365 2.2577989160998664 -0.4647592330077551
v 0.1618014450362345 2.320284559831056 -0.42663534747253345
v 0.14457449358391794 2.3769136075225874 -0.38121160964926715
v 0.12487383503193493 2.426717159266218 -0.3292652422674384
v 0.10303654198091561 2.4688430052474475 -0.27168503272978706
v 0.07943627363839349 2.5025704046525696 -0.2094562393929777
v 0.05447682467502562 2.5273222527350745 -0.1436435812994438
v 0.028585265219329477 2.542675072118909 -0.07537314983010228
v 0.0022046015454715434 2.548366113965948 -0.005813056528513147
v -0.024213784051447296 2.544298036635918 0.06384650130968023
v -0.05021786554106564 2.5305404534427813 0.13241362899845271
v -0.0753627051325266 2.507328753363906 0.19871512200329983
v -0.09921806303821717 2.4750600635481392 0.261616531239149
v -0.1213757776752959 2.4342865627309473 0.3200416230624657
v -0.14145671473527763 2.3857058688888735 0.3729907024618542
v -0.15911729757564483 2.3301492218378703 0.41955783228557225
v -0.17405532843139004 2.268567179827265 0.45894618251488617
v -0.1860152290876818 2.202013476804861 0.49048184878221374
v -0.19479235538107248 2.131626829932806 0.5136252287758376
v -0.20023654016446152 2.058611594097688 0.5279803642707382
v -0.2022546114157851 1.9842170647558137 0.533301580835522
v -0.2008120513136894 1.9097161580783775 0.5294978624554434
v -0.195933545079509 1.8363836055958191 0.5166342987097651
v -0.18770256279497427 1.765474149718961 0.49493098211567454
v -0.17625992768784365 1.6982010839001331 0.4647592330077551
v -0.1618014450362345 1.635715440168943 0.42663534747253345
v -0.14457449358391794 1.5790863924774121 0.38121160964926715
v -0.12487383503193493 1.5292828407337815 0.3292652422674384
v -0.10303654198091561 1.4871569947525518 0.27168503272978706
v -0.07943627363839349 1.4534295953474299 0.2094562393929777
v -0.05447682467502562 1.428677747264925 0.1436435812994438
v -0.028585265219329477 1.4133249278810904 0.07537314983010228
v -0.0022046015454715434 1.4076338860340516 0.005813056528513147
v 0.024213784051447272 1.411701963364082 -0.06384650130968016
v 0.05021786554106564 1.4254595465572184 -0.13241362899845271
v 0.0753627051325266 1.4486712466360934 -0.19871512200329983
v 0.09921806303821717 1.4809399364518603 -0.261616531239149
v 0.1213757776752959 1.5217134372690522 -0.3200416230624657
v 0.14145671473527763 1.570294131111126 -0.3729907024618542
v 0.15911729757564483 1.6258507781621292 -0.41955783228557225
v 0.17405532843139004 1.6874328201727344 -0.45894618251488617
v 0.1860152290876818 1.7539865231951386 -0.49048184878221374
v 0.19479235538107248 1.8243731700671935 -0.5136252287758376
v 0.20023654016446152 1.8973884059023116 -0.5279803642707382
v 0.2022546114157851 1.9717829352441858 -0.533301580835522
v 0.2008120513136894 2.046283841921622 -0.5294978624554434
v 0.2115385417217045 2.044081136946455 -0.5058925529368365
v 0.20681740670330065 2.1150481221222783 -0.4934439429841231
v 0.1988519349868537 2.1836701728296752 -0.4724407202207669
v 0.18777842349987806 2.2487731480379827 -0.44324227010847683
v 0.17378634139031665 2.309243120108971 -0.40634818173157694
v 0.15711510339489712 2.3640454378368396 -0.3623897398685868
v 0.13804994717224867 2.4122424146530537 -0.3121190544130507
v 0.11691708527841904 2.4530093720842316 -0.2563962771835644
v 0.09407811253184564 2.4856487730094123 -0.19617485535715262
v 0.06992380855332841 2.5096021815608713 -0.1324851901101943
v 0.0448674593501052 2.5244597293190605 -0.066417027082872
v 0.01933778480073223 2.529967203638612 0.0008991923105534337
v -0.0062283944199680065 2.5260303547419007 0.0683116666115453
v -0.03139363418199033 2.5127165646873446 0.13466695044535568
v -0.05572734872171389 2.4902536150566155 0.19882968246315375
v -0.07881318189158876 2.459025868650381 0.25970202173006707
v -0.10025612950728688 2.4195676360629577 0.3162424278111746
v -0.11968929919484683 2.3725540764516944 0.36748348502353856
v -0.1367801827145521 2.3187895714510582 0.41254844119503103
v -0.15123634504950287 2.2591940535492006 0.4506662085580474
v -0.1628104361277127 2.1947872346329294 0.48118457857461294
v -0.17130443186138644 2.1266711289019335 0.5035814046379067
v -0.17657299090590814 2.056011219468092 0.5174734531182876
v -0.1785259682148824 1.984016513579251 0.5226230310632412
v -0.17712994235656054 1.9119188630535449 0.5189420133998179
v -0.1724088073381567 1.840951877877721 0.5064934034471045
v -0.16444333562170974 1.7723298271703243 0.4854901806837483
v -0.1533698241347341 1.7072268519620168 0.4562917305714582
v -0.1393777420251727 1.6467568798910284 0.41939764219455833
v -0.12270650402975317 1.5919545621631601 0.3754392003315682
v -0.10364134780710471 1.543757585346946 0.3251685148760321
v -0.08250848591327509 1.5029906279157679 0.2694457376465458
v -0.05966951316670169 1.470351226990587 0.209224315820134
v -0.03551520918818446 1.4463978184391282 0.1455346505731757
v -0.010458859984961245 1.4315402706809393 0.07946648754585339
v 0.015070814564411724 1.4260327963613877 0.012150268152427961
v 0.04063699378511194 1.4299696452580988 -0.055262206148563836
v 0.06580223354713428 1.443283435312655 -0.12161748998237429
v 0.09013594808685785 1.4657463849433843 -0.18578022200017236
v 0.11322178125673271 1.4969741313496185 -0.24665256126708568
v 0.13466472887243083 1.5364323639370419 -0.30319296734819323
v 0.1540978985599908 1.5834459235483052 -0.35443402456055717
v 0.17118878207969607 1.6372104285489415 -0.39949898073204965
v 0.18564494441464682 1.696805946450799 -0.437616748095066
v 0.19721903549285666 1.7612127653670702 -0.46813511811163155
v 0.2057130312265304 1.8293288710980662 -0.4905319441749253
v 0.2109815902710521 1.8999887805319078 -0.5044239926553062
v 0.21293456758002635 1.9719834864207486 -0.5095735706002598
v 0.2115385417217045 2.0440811369464544 -0.5058925529368365
v 0.18785643276457564 2.0418784319712873 -0.49533670388121104
v 0.18329266896194835 2.1104798498403765 -0.48330304772146265
v 0.17559271987944716 2.176814499481169 -0.4629999506038935
v 0.1648883199467685 2.239747379976099 -0.4347747676721799
v 0.1513626504451129 2.298201684489743 -0.3991105082686547
v 0.1352471138407324 2.3511772681510914 -0.3566173305508878
v 0.11681745994741845 2.3977676700398893 -0.30802232702164434
v 0.09638902921077852 2.4371757389210154 -0.2541569821003231
v 0.07431135060526067 2.4687271753924587 -0.1959429279480709
v 0.050962193066487256 2.491882110386668 -0.1343762593839262
v 0.0267410526608438 2.506244420545415 -0.07051036096238514
v 0.002062368690848962 2.5115682933112757 -0.005438019313361387
v -0.02265160415363266 2.5077626728478837 0.05972737145042898
v -0.046978002188058976 2.494892675931908 0.12387081142927725
v -0.07050059313093832 2.473178510775528 0.1858947862962643
v -0.0928169001101043 2.4429916737526227 0.24473805175800376
v -0.11354508215931497 2.404848743421171 0.29939377593314015
v -0.13233048301956 2.3594022840145152 0.34892680712224144
v -0.14885166721860335 2.307429921064246 0.3924895896415084
v -0.16282596103275965 2.249820927271136 0.4293367741382272
v -0.17401425459874556 2.1875609883581406 0.45883787971908374
v -0.1822251077068444 2.121715427871061 0.4804881200369943
v -0.18731805307835678 2.0534108407356384 0.4939171133179086
v -0.18920592437912365 1.983815962402688 0.49889502082797893
v -0.18785643276457564 1.9141215680287125 0.49533670388121104
v -0.18329266896194835 1.8455201501596228 0.48330304772146265
v -0.17559271987944716 1.7791855005188304 0.4629999506038935
v -0.1648883199467685 1.7162526200239008 0.4347747676721799
v -0.1513626504451129 1.6577983155102567 0.3991105082686547
v -0.1352471138407324 1.604822731848908 0.3566173305508878
v -0.11681745994741845 1.5582323299601104 0.30802232702164434
v -0.09638902921077852 1.5188242610789842 0.2541569821003231
v -0.07431135060526067 1.4872728246075408 0.1959429279480709
v -0.050962193066487256 1.4641178896133313 0.1343762593839262
v -0.026741052660843794 1.4497555794545844 0.07051036096238514
v -0.0020623686908489577 1.4444317066887238 0.005438019313361389
v 0.022651604153632644 1.4482373271521158 -0.05972737145042892
v 0.046978002188058976 1.4611073240680916 -0.12387081142927725
v 0.07050059313093832 1.4828214892244718 -0.1858947862962643
v 0.0928169001101043 1.5130083262473768 -0.24473805175800376
v 0.11354508215931497 1.5511512565788281 -0.29939377593314015
v 0.13233048301956 1.5965977159854843 -0.34892680712224144
v 0.14885166721860335 1.6485700789357536 -0.3924895896415084
v 0.16282596103275965 1.7061790727288637 -0.4293367741382272
v 0.17401425459874556 1.768439011641859 -0.45883787971908374
v 0.1822251077068444 1.8342845721289387 -0.4804881200369943
v 0.18731805307835678 1.9025891592643611 -0.4939171133179086
v 0.18920592437912365 1.9721840375973114 -0.49889502082797893
v 0.18785643276457564 2.041878431971287 -0.49533670388121104
v 0.17712994235656054 2.044081136946455 -0.5189420133998179
v 0.1724088073381567 2.1150481221222783 -0.5064934034471045
v 0.16444333562170974 2.1836701728296752 -0.4854901806837483
v 0.1533698241347341 2.2487731480379827 -0.4562917305714582
v 0.1393777420251727 2.309243120108971 -0.41939764219455833
v 0.12270650402975317 2.3640454378368396 -0.3754392003315682
v 0.10364134780710471 2.4122424146530537 -0.3251685148760321
v 0.08250848591327509 2.4530093720842316 -0.2694457376465458
v 0.05966951316670169 2.4856487730094123 -0.209224315820134
v 0.03551520918818446 2.5096021815608713 -0.1455346505731757
v 0.010458859984961245 2.5244597293190605 -0.07946648754585339
v -0.015070814564411724 2.529967203638612 -0.012150268152427961
v -0.04063699378511196 2.5260303547419007 0.05526220614856389
v -0.06580223354713428 2.5127165646873446 0.12161748998237429
v -0.09013594808685785 2.4902536150566155 0.18578022200017236
v -0.11322178125673271 2.459025868650381 0.24665256126708568
v -0.13466472887243083 2.4195676360629577 0.30319296734819323
v -0.1540978985599908 2.3725540764516944 0.35443402456055717
v -0.17118878207969607 2.3187895714510582 0.39949898073204965
v -0.18564494441464682 2.2591940535492006 0.437616748095066
v -0.19721903549285666 2.1947872346329294 0.46813511811163155
v -0.2057130312265304 2.1266711289019335 0.4905319441749253
v -0.2109815902710521 2.056011219468092 0.5044239926553062
v -0.21293456758002635 1.984016513579251 0.5095735706002598
v -0.2115385417217045 1.9119188630535449 0.5058925529368365
v -0.20681740670330065 1.840951877877721 0.4934439429841231
v -0.1988519349868537 1.7723298271703243 0.4724407202207669
v -0.18777842349987806 1.7072268519620168 0.44324227010847683
v -0.17378634139031665 1.6467568798910284 0.40634818173157694
v -0.15711510339489712 1.5919545621631601 0.3623897398685868
v -0.13804994717224867 1.543757585346946 0.3121190544130507
v -0.11691708527841904 1.5029906279157679 0.2563962771835644
v -0.09407811253184564 1.470351226990587 0.19617485535715262
v -0.06992380855332841 1.4463978184391282 0.1324851901101943
v -0.0448674593501052 1.4315402706809393 0.066417027082872
v -0.01933778480073223 1.4260327963613877 -0.0008991923105534337
v 0.006228394419967982 1.4299696452580988 -0.06831166661154522
v 0.03139363418199033 1.443283435312655 -0.13466695044535568
v 0.05572734872171389 1.4657463849433843 -0.19882968246315375
v 0.07881318189158876 1.4969741313496185 -0.25970202173006707
v 0.10025612950728688 1.5364323639370419 -0.3162424278111746
v 0.11968929919484683 1.5834459235483052 -0.36748348502353856
v 0.1367801827145521 1.6372104285489415 -0.41254844119503103
v 0.15123634504950287 1.696805946450799 -0.4506662085580474
v 0.1628104361277127 1.7612127653670702 -0.48118457857461294
v 0.17130443186138644 1.8293288710980662 -0.5035814046379067
v 0.17657299090590814 1.8999887805319078 -0.5174734531182876
v 0.1785259682148824 1.9719834864207486 -0.5226230310632412
v 0.17712994235656054 2.0440811369464544 -0.5189420133998179
v 0.2008120513136894 2.046283841921622 -0.5294978624554434
v 0.195933545079509 2.11961639440418 -0.5166342987097651
v 0.18770256279497427 2.1905258502810385 -0.49493098211567454
v 0.17625992768784365 2.2577989160998664 -0.4647592330077551
v 0.1618014450362345 2.320284559831056 -0.42663534747253345
v 0.14457449358391794 2.3769136075225874 -0.38121160964926715
v 0.12487383503193493 2.426717159266218 -0.3292652422674384
v 0.10303654198091561 2.4688430052474475 -0.27168503272978706
v 0.07943627363839349 2.5025704046525696 -0.2094562393929777
v 0.05447682467502561 2.5273222527350745 -0.1436435812994438
v 0.028585265219329473 2.542675072118909 -0.07537314983010228
v 0.002204601545471539 2.548366113965948 -0.005813056528513149
v -0.0242137840514473 2.544298036635918 0.06384650130968023
v -0.050217865541065644 2.5305404534427813 0.13241362899845271
v -0.0753627051325266 2.507328753363906 0.19871512200329983
v -0.09921806303821717 2.4750600635481392 0.261616531239149
v -0.1213757776752959 2.4342865627309473 0.3200416230624657
v -0.14145671473527763 2.3857058688888735 0.3729907024618542
v -0.15911729757564483 2.3301492218378703 0.41955783228557225
v -0.17405532843139004 2.268567179827265 0.45894618251488617
v -0.1860152290876818 2.202013476804861 0.49048184878221374
v -0.19479235538107248 2.131626829932806 0.5136252287758376
v -0.20023654016446152 2.058611594097688 0.5279803642707382
v -0.2022546114157851 1.9842170647558137 0.533301580835522
v -0.2008120513136894 1.9097161580783775 0.5294978624554434
v -0.195933545079509 1.8363836055958191 0.5166342987097651
v -0.18770256279497427 1.765474149718961 0.49493098211567454
v -0.17625992768784365 1.6982010839001331 0.4647592330077551
v -0.1618014450362345 1.635715440168943 0.42663534747253345
v -0.14457449358391794 1.5790863924774121 0.38121160964926715
v -0.12487383503193493 1.5292828407337815 0.3292652422674384
v -0.10303654198091561 1.4871569947525518 0.27168503272978706
v -0.07943627363839349 1.4534295953474299 0.2094562393929777
v -0.054476824675025626 1.428677747264925 0.1436435812994438
v -0.02858526521932948 1.4133249278810904 0.07537314983010228
v -0.0022046015454715477 1.4076338860340516 0.005813056528513145
v 0.02421378405144727 1.411701963364082 -0.06384650130968016
v 0.05021786554106563 1.4254595465572184 -0.13241362899845271
v 0.0753627051325266 1.4486712466360934 -0.19871512200329983
v 0.09921806303821717 1.4809399364518603 -0.261616531239149
v 0.1213757776752959 1.5217134372690522 -0.3200416230624657
v 0.14145671473527763 1.570294131111126 -0.3729907024618542
v 0.15911729757564483 1.6258507781621292 -0.41955783228557225
v 0.17405532843139004 1.6874328201727344 -0.45894618251488617
v 0.1860152290876818 1.7539865231951386 -0.49048184878221374
v 0.19479235538107248 1.8243731700671935 -0.5136252287758376
v 0.20023654016446152 1.8973884059023116 -0.5279803642707382
v 0.2022546114157851 1.9717829352441858 -0.533301580835522
v 0.2008120513136894 2.046283841921622 -0.5294978624554434
vt 0 0
vt 0.02083333395421505 0
vt 0.0416666679084301 0
vt 0.0625 0
vt 0.0833333358168602 0
vt 0.1041666641831398 0
vt 0.125 0
vt 0.1458333283662796 0
vt 0.1666666716337204 0
vt 0.1875 0
vt 0.2083333283662796 0
vt 0.2291666716337204 0
vt 0.25 0
vt 0.2708333432674408 0
vt 0.2916666567325592 0
vt 0.3125 0
vt 0.3333333432674408 0
vt 0.3541666567325592 0
vt 0.375 0
vt 0.3958333432674408 0
vt 0.4166666567325592 0
vt 0.4375 0
vt 0.4583333432674408 0
vt 0.4791666567325592 0
vt 0.5 0
vt 0.5208333134651184 0
vt 0.5416666865348816 0
vt 0.5625 0
vt 0.5833333134651184 0
vt 0.6041666865348816 0
vt 0.625 0
vt 0.6458333134651184 0
vt 0.6666666865348816 0
vt 0.6875 0
vt 0.7083333134651184 0
vt 0.7291666865348816 0
vt 0.75 0
vt 0.7708333134651184 0
vt 0.7916666865348816 0
vt 0.8125 0
vt 0.8333333134651184 0
vt 0.8541666865348816 0
vt 0.875 0
vt 0.8958333134651184 0
vt 0.9166666865348816 0
vt 0.9375 0
vt 0.9583333134651184 0
vt 0.9791666865348816 0
vt 1 0
vt 0 0.25
vt 0.02083333395421505 0.25
vt 0.0416666679084301 0.25
vt 0.0625 0.25
vt 0.0833333358168602 0.25
vt 0.1041666641831398 0.25
vt 0.125 0.25
vt 0.1458333283662796 0.25
vt 0.1666666716337204 0.25
vt 0.1875 0.25
vt 0.2083333283662796 0.25
vt 0.2291666716337204 0.25
vt 0.25 0.25
vt 0.2708333432674408 0.25
vt 0.2916666567325592 0.25
vt 0.3125 0.25
vt 0.3333333432674408 0.25
vt 0.3541666567325592 0.25
vt 0.375 0.25
vt 0.3958333432674408 0.25
vt 0.4166666567325592 0.25
vt 0.4375 0.25
vt 0.4583333432674408 0.25
vt 0.4791666567325592 0.25
vt 0.5 0.25
vt 0.5208333134651184 0.25
vt 0.5416666865348816 0.25
vt 0.5625 0.25
vt 0.5833333134651184 0.25
vt 0.6041666865348816 0.25
vt 0.625 0.25
vt 0.6458333134651184 0.25
vt 0.6666666865348816 0.25
vt 0.6875 0.25
vt 0.7083333134651184 0.25
vt 0.7291666865348816 0.25
vt 0.75 0.25
vt 0.7708333134651184 0.25
vt 0.7916666865348816 0.25
vt 0.8125 0.25
vt 0.8333333134651184 0.25
vt 0.8541666865348816 0.25
vt 0.875 0.25
vt 0.8958333134651184 0.25
vt 0.9166666865348816 0.25
vt 0.9375 0.25
vt 0.9583333134651184 0.25
vt 0.9791666865348816 0.25
vt 1 0.25
vt 0 0.5
vt 0.02083333395421505 0.5
vt 0.0416666679084301 0.5
vt 0.0625 0.5
vt 0.0833333358168602 0.5
vt 0.1041666641831398 0.5
vt 0.125 0.5
vt 0.1458333283662796 0.5
vt 0.1666666716337204 0.5
vt 0.1875 0.5
vt 0.2083333283662796 0.5
vt 0.2291666716337204 0.5
vt 0.25 0.5
vt 0.2708333432674408 0.5
vt 0.2916666567325592 0.5
vt 0.3125 0.5
vt 0.3333333432674408 0.5
vt 0.3541666567325592 0.5
vt 0.375 0.5
vt 0.3958333432674408 0.5
vt 0.4166666567325592 0.5
vt 0.4375 0.5
vt 0.4583333432674408 0.5
vt 0.4791666567325592 0.5
vt 0.5 0.5
vt 0.5208333134651184 0.5
vt 0.5416666865348816 0.5
vt 0.5625 0.5
vt 0.5833333134651184 0.5
vt 0.6041666865348816 0.5
vt 0.625 0.5
vt 0.6458333134651184 0.5
vt 0.6666666865348816 0.5
vt 0.6875 0.5
vt 0.7083333134651184 0.5
vt 0.7291666865348816 0.5
vt 0.75 0.5
vt 0.7708333134651184 0.5
vt 0.7916666865348816 0.5
vt 0.8125 0.5
vt 0.8333333134651184 0.5
vt 0.8541666865348816 0.5
vt 0.875 0.5
vt 0.8958333134651184 0.5
vt 0.9166666865348816 0.5
vt 0.9375 0.5
vt 0.9583333134651184 0.5
vt 0.9791666865348816 0.5
vt 1 0.5
vt 0 0.75
vt 0.02083333395421505 0.75
vt 0.0416666679084301 0.75
vt 0.0625 0.75
vt 0.0833333358168602 0.75
vt 0.1041666641831398 0.75
vt 0.125 0.75
vt 0.1458333283662796 0.75
vt 0.1666666716337204 0.75
vt 0.1875 0.75
vt 0.2083333283662796 0.75
vt 0.2291666716337204 0.75
vt 0.25 0.75
vt 0.2708333432674408 0.75
vt 0.2916666567325592 0.75
vt 0.3125 0.75
vt 0.3333333432674408 0.75
vt 0.3541666567325592 0.75
vt 0.375 0.75
vt 0.3958333432674408 0.75
vt 0.4166666567325592 0.75
vt 0.4375 0.75
vt 0.4583333432674408 0.75
vt 0.4791666567325592 0.75
vt 0.5 0.75
vt 0.5208333134651184 0.75
vt 0.5416666865348816 0.75
vt 0.5625 0.75
vt 0.5833333134651184 0.75
vt 0.6041666865348816 0.75
vt 0.625 0.75
vt 0.6458333134651184 0.75
vt 0.6666666865348816 0.75
vt 0.6875 0.75
vt 0.7083333134651184 0.75
vt 0.7291666865348816 0.75
vt 0.75 0.75
vt 0.7708333134651184 0.75
vt 0.7916666865348816 0.75
vt 0.8125 0.75
vt 0.8333333134651184 0.75
vt 0.8541666865348816 0.75
vt 0.875 0.75
vt 0.8958333134651184 0.75
vt 0.9166666865348816 0.75
vt 0.9375 0.75
vt 0.9583333134651184 0.75
vt 0.9791666865348816 0.75
vt 1 0.75
vt 0 1
vt 0.02083333395421505 1
vt 0.0416666679084301 1
vt 0.0625 1
vt 0.0833333358168602 1
vt 0.1041666641831398 1
vt 0.125 1
vt 0.1458333283662796 1
vt 0.1666666716337204 1
vt 0.1875 1
vt 0.2083333283662796 1
vt 0.2291666716337204 1
vt 0.25 1
vt 0.2708333432674408 1
vt 0.2916666567325592 1
vt 0.3125 1
vt 0.3333333432674408 1
vt 0.3541666567325592 1
vt 0.375 1
vt 0.3958333432674408 1
vt 0.4166666567325592 1
vt 0.4375 1
vt 0.4583333432674408 1
vt 0.4791666567325592 1
vt 0.5 1
vt 0.5208333134651184 1
vt 0.5416666865348816 1
vt 0.5625 1
vt 0.5833333134651184 1
vt 0.6041666865348816 1
vt 0.625 1
vt 0.6458333134651184 1
vt 0.6666666865348816 1
vt 0.6875 1
vt 0.7083333134651184 1
vt 0.7291666865348816 1
vt 0.75 1
vt 0.7708333134651184 1
vt 0.7916666865348816 1
vt 0.8125 1
vt 0.8333333134651184 1
vt 0.8541666865348816 1
vt 0.875 1
vt 0.8958333134651184 1
vt 0.9166666865348816 1
vt 0.9375 1
vt 0.9583333134651184 1
vt 0.9791666865348816 1
vt 1 1
vn 0.3520547941718142 0.11971220728891938 -0.9282922004017143
vn 0.343502010983432 0.24827557362196853 -0.9057403645598558
vn 0.3290718110750586 0.37259089778816595 -0.8676910544895512
vn 0.3090111018150044 0.49053107898584575 -0.814795311415118
vn 0.2836631267514739 0.6000781367992404 -0.7479581941907779
vn 0.25346159599597023 0.699357693053275 -0.6683233023936669
vn 0.21892327203324827 0.7866710323976389 -0.5772532267113705
vn 0.1806391109592076 0.8605242150387586 -0.47630619030597865
vn 0.139264158994495 0.9196536003382542 -0.36720940810992686
vn 0.0955063594805537 0.9630474553781009 -0.25182957330015066
vn 0.050114419504475385 0.989963300815574 -0.13214086421717747
vn 0.0038650045407325447 0.9999405990368259 -0.0101911794103513
vn -0.04245053374329985 0.9928086358538664 0.11193285826286281
vn -0.0880397317396389 0.9686894443229381 0.23214169399857906
vn -0.1321225532232495 0.9279957019757196 0.34837854130867624
vn -0.17394471785462892 0.8714236974910551 0.45865452639376775
vn -0.21279063991638988 0.7999413914378679 0.56108280478769
vn -0.2479956557474849 0.7147718637210067 0.6539108024518128
vn -0.2789573925829996 0.6173724052680301 0.7355501929418965
vn -0.30514609207118565 0.5094095359648543 0.804604118285356
vn -0.3261136610662078 0.3927305124189956 0.8598910539603885
vn -0.34150133413095285 0.26933176323962377 0.9004650132553815
vn -0.35104582446196236 0.14132467243313565 0.925631765925029
vn -0.3545838231706991 0.010899467779384976 0.9349607018200159
vn -0.3520547941718142 -0.11971220728891925 0.9282922004017143
vn -0.343502010983432 -0.24827557362196853 0.9057403645598558
vn -0.3290718110750586 -0.37259089778816595 0.8676910544895512
vn -0.3090111018150044 -0.49053107898584575 0.814795311415118
vn -0.2836631267514739 -0.6000781367992404 0.7479581941907779
vn -0.25346159599597023 -0.699357693053275 0.6683233023936669
vn -0.21892327203324827 -0.7866710323976389 0.5772532267113705
vn -0.1806391109592076 -0.8605242150387586 0.47630619030597865
vn -0.139264158994495 -0.9196536003382542 0.36720940810992686
vn -0.0955063594805537 -0.9630474553781009 0.25182957330015066
vn -0.050114419504475385 -0.989963300815574 0.13214086421717747
vn -0.0038650045407325447 -0.9999405990368259 0.0101911794103513
vn 0.042450533743299816 -0.9928086358538664 -0.1119328582628627
vn 0.0880397317396389 -0.9686894443229381 -0.23214169399857906
vn 0.1321225532232495 -0.9279957019757196 -0.34837854130867624
vn 0.17394471785462892 -0.8714236974910551 -0.45865452639376775
vn 0.21279063991638988 -0.7999413914378679 -0.56108280478769
vn 0.2479956557474849 -0.7147718637210067 -0.6539108024518128
vn 0.2789573925829996 -0.6173724052680301 -0.7355501929418965
vn 0.30514609207118565 -0.5094095359648543 -0.804604118285356
vn 0.3261136610662078 -0.3927305124189956 -0.8598910539603885
vn 0.34150133413095285 -0.26933176323962377 -0.9004650132553815
vn 0.35104582446196236 -0.14132467243313565 -0.925631765925029
vn 0.3545838231706991 -0.010899467779384976 -0.9349607018200159
vn 0.3520547941718142 0.11971220728891914 -0.9282922004017143
vn 0.9350162426854148 2.0987202733934912e-17 0.35460488704253573
vn 0.9350162426854148 2.0987202733934912e-17 0.35460488704253573
vn 0.9350162426854148 2.0987202733934912e-17 0.35460488704253573
vn 0.9350162426854148 2.0987202733934912e-17 0.35460488704253573
vn 0.9350162426854148 2.0987202733934912e-17 0.35460488704253573
vn 0.9350162426854148 2.0987202733934912e-17 0.35460488704253573
vn 0.9350162426854148 2.0987202733934912e-17 0.35460488704253573
vn 0.9350162426854148 2.0987202733934912e-17 0.35460488704253573
vn 0.9350162426854148 2.0987202733934912e-17 0.35460488704253573
vn 0.9350162426854148 2.0987202733934912e-17 0.35460488704253573
vn 0.9350162426854148 2.0987202733934912e-17 0.35460488704253573
vn 0.9350162426854148 2.0987202733934912e-17 0.35460488704253573
vn 0.9350162426854148 2.0987202733934912e-17 0.35460488704253573
vn 0.9350162426854148 2.0987202733934912e-17 0.35460488704253573
vn 0.9350162426854148 2.0987202733934912e-17 0.35460488704253573
vn 0.9350162426854148 2.0987202733934912e-17 0.35460488704253573
vn 0.9350162426854148 2.0987202733934912e-17 0.35460488704253573
vn 0.9350162426854148 2.0987202733934912e-17 0.35460488704253573
vn 0.9350162426854148 2.0987202733934912e-17 0.35460488704253573
vn 0.9350162426854148 2.0987202733934912e-17 0.35460488704253573
vn 0.9350162426854148 2.0987202733934912e-17 0.35460488704253573
vn 0.9350162426854148 2.0987202733934912e-17 0.35460488704253573
vn 0.9350162426854148 2.0987202733934912e-17 0.35460488704253573
vn 0.9350162426854148 2.0987202733934912e-17 0.35460488704253573
vn 0.9350162426854148 2.0987202733934912e-17 0.35460488704253573
vn 0.9350162426854148 2.0987202733934912e-17 0.35460488704253573
vn 0.9350162426854148 2.0987202733934912e-17 0.35460488704253573
vn 0.9350162426854148 2.0987202733934912e-17 0.35460488704253573
vn 0.9350162426854148 2.0987202733934912e-17 0.35460488704253573
vn 0.9350162426854148 2.0987202733934912e-17 0.35460488704253573
vn 0.9350162426854148 2.0987202733934912e-17 0.35460488704253573
vn 0.9350162426854148 2.0987202733934912e-17 0.35460488704253573
vn 0.9350162426854148 2.0987202733934912e-17 0.35460488704253573
vn 0.9350162426854148 2.0987202733934912e-17 0.35460488704253573
vn 0.9350162426854148 2.0987202733934912e-17 0.35460488704253573
vn 0.9350162426854148 2.0987202733934912e-17 0.35460488704253573
vn 0.9350162426854148 2.0987202733934912e-17 0.35460488704253573
vn 0.9350162426854148 2.0987202733934912e-17 0.35460488704253573
vn 0.9350162426854148 2.0987202733934912e-17 0.35460488704253573
vn 0.9350162426854148 2.0987202733934912e-17 0.35460488704253573
vn 0.9350162426854148 2.0987202733934912e-17 0.35460488704253573
vn 0.9350162426854148 2.0987202733934912e-17 0.35460488704253573
vn 0.9350162426854148 2.0987202733934912e-17 0.35460488704253573
vn 0.9350162426854148 2.0987202733934912e-17 0.35460488704253573
vn 0.9350162426854148 2.0987202733934912e-17 0.35460488704253573
vn 0.9350162426854148 2.0987202733934912e-17 0.35460488704253573
vn 0.9350162426854148 2.0987202733934912e-17 0.35460488704253573
vn 0.9350162426854148 2.0987202733934912e-17 0.35460488704253573
vn 0.9350162426854148 2.0987202733934912e-17 0.35460488704253573
vn -0.35205479417181407 -0.11971220728891938 0.9282922004017143
vn -0.3435020109834319 -0.24827557362196853 0.9057403645598558
vn -0.3290718110750585 -0.37259089778816595 0.8676910544895512
vn -0.30901110181500424 -0.49053107898584575 0.814795311415118
vn -0.28366312675147376 -0.6000781367992404 0.7479581941907779
vn -0.25346159599597007 -0.699357693053275 0.6683233023936669
vn -0.21892327203324818 -0.7866710323976391 0.5772532267113706
vn -0.1806391109592075 -0.8605242150387589 0.4763061903059788
vn -0.1392641589944949 -0.9196536003382542 0.3672094081099269
vn -0.09550635948055358 -0.9630474553781009 0.2518295733001507
vn -0.050114419504475274 -0.989963300815574 0.1321408642171775
vn -0.0038650045407324298 -0.9999405990368259 0.010191179410351343
vn 0.04245053374329996 -0.9928086358538664 -0.11193285826286277
vn 0.08803973173963901 -0.9686894443229381 -0.23214169399857904
vn 0.13212255322324962 -0.9279957019757196 -0.3483785413086762
vn 0.17394471785462906 -0.8714236974910551 -0.4586545263937677
vn 0.21279063991639002 -0.7999413914378679 -0.5610828047876899
vn 0.24799565574748503 -0.7147718637210067 -0.6539108024518128
vn 0.27895739258299973 -0.6173724052680301 -0.7355501929418965
vn 0.3051460920711858 -0.5094095359648543 -0.804604118285356
vn 0.3261136610662079 -0.3927305124189956 -0.8598910539603885
vn 0.341501334130953 -0.26933176323962377 -0.9004650132553815
vn 0.3510458244619625 -0.14132467243313565 -0.925631765925029
vn 0.35458382317069914 -0.010899467779384974 -0.9349607018200157
vn 0.35205479417181434 0.11971220728891925 -0.9282922004017143
vn 0.34350201098343214 0.24827557362196853 -0.9057403645598558
vn 0.3290718110750588 0.37259089778816595 -0.8676910544895512
vn 0.30901110181500446 0.49053107898584564 -0.8147953114151177
vn 0.28366312675147404 0.6000781367992404 -0.7479581941907779
vn 0.25346159599597035 0.699357693053275 -0.6683233023936669
vn 0.21892327203324838 0.7866710323976389 -0.5772532267113705
vn 0.18063911095920776 0.8605242150387589 -0.47630619030597865
vn 0.13926415899449512 0.9196536003382542 -0.36720940810992675
vn 0.0955063594805538 0.9630474553781009 -0.25182957330015066
vn 0.050114419504475496 0.989963300815574 -0.1321408642171774
vn 0.003865004540732659 0.9999405990368259 -0.010191179410351256
vn -0.0424505337432997 0.9928086358538664 0.11193285826286276
vn -0.08803973173963879 0.9686894443229381 0.2321416939985791
vn -0.13212255322324937 0.9279957019757195 0.34837854130867624
vn -0.17394471785462884 0.8714236974910553 0.4586545263937679
vn -0.21279063991638975 0.7999413914378679 0.56108280478769
vn -0.24799565574748478 0.7147718637210067 0.6539108024518128
vn -0.27895739258299956 0.6173724052680302 0.7355501929418967
vn -0.30514609207118554 0.5094095359648543 0.804604118285356
vn -0.3261136610662077 0.3927305124189956 0.8598910539603885
vn -0.3415013341309528 0.2693317632396238 0.9004650132553816
vn -0.35104582446196225 0.14132467243313565 0.925631765925029
vn -0.3545838231706989 0.010899467779384976 0.9349607018200159
vn -0.35205479417181407 -0.11971220728891914 0.9282922004017143
vn -0.9350162426854148 -2.0987202733934912e-17 -0.35460488704253573
vn -0.9350162426854148 -2.0987202733934912e-17 -0.35460488704253573
vn -0.9350162426854148 -2.0987202733934912e-17 -0.35460488704253573
vn -0.9350162426854148 -2.0987202733934912e-17 -0.35460488704253573
vn -0.9350162426854148 -2.0987202733934912e-17 -0.35460488704253573
vn -0.9350162426854148 -2.0987202733934912e-17 -0.35460488704253573
vn -0.9350162426854148 -2.0987202733934912e-17 -0.35460488704253573
vn -0.9350162426854148 -2.0987202733934912e-17 -0.35460488704253573
vn -0.9350162426854148 -2.0987202733934912e-17 -0.35460488704253573
vn -0.9350162426854148 -2.0987202733934912e-17 -0.35460488704253573
vn -0.9350162426854148 -2.0987202733934912e-17 -0.35460488704253573
vn -0.9350162426854148 -2.0987202733934912e-17 -0.35460488704253573
vn -0.9350162426854148 -2.0987202733934912e-17 -0.35460488704253573
vn -0.9350162426854148 -2.0987202733934912e-17 -0.35460488704253573
vn -0.9350162426854148 -2.0987202733934912e-17 -0.35460488704253573
vn -0.9350162426854148 -2.0987202733934912e-17 -0.35460488704253573
vn -0.9350162426854148 -2.0987202733934912e-17 -0.35460488704253573
vn -0.9350162426854148 -2.0987202733934912e-17 -0.35460488704253573
vn -0.9350162426854148 -2.0987202733934912e-17 -0.35460488704253573
vn -0.9350162426854148 -2.0987202733934912e-17 -0.35460488704253573
vn -0.9350162426854148 -2.0987202733934912e-17 -0.35460488704253573
vn -0.9350162426854148 -2.0987202733934912e-17 -0.35460488704253573
vn -0.9350162426854148 -2.0987202733934912e-17 -0.35460488704253573
vn -0.9350162426854148 -2.0987202733934912e-17 -0.35460488704253573
vn -0.9350162426854148 -2.0987202733934912e-17 -0.35460488704253573
vn -0.9350162426854148 -2.0987202733934912e-17 -0.35460488704253573
vn -0.9350162426854148 -2.0987202733934912e-17 -0.35460488704253573
vn -0.9350162426854148 -2.0987202733934912e-17 -0.35460488704253573
vn -0.9350162426854148 -2.0987202733934912e-17 -0.35460488704253573
vn -0.9350162426854148 -2.0987202733934912e-17 -0.35460488704253573
vn -0.9350162426854148 -2.0987202733934912e-17 -0.35460488704253573
vn -0.9350162426854148 -2.0987202733934912e-17 -0.35460488704253573
vn -0.9350162426854148 -2.0987202733934912e-17 -0.35460488704253573
vn -0.9350162426854148 -2.0987202733934912e-17 -0.35460488704253573
vn -0.9350162426854148 -2.0987202733934912e-17 -0.35460488704253573
vn -0.9350162426854148 -2.0987202733934912e-17 -0.35460488704253573
vn -0.9350162426854148 -2.0987202733934912e-17 -0.35460488704253573
vn -0.9350162426854148 -2.0987202733934912e-17 -0.35460488704253573
vn -0.9350162426854148 -2.0987202733934912e-17 -0.35460488704253573
vn -0.9350162426854148 -2.0987202733934912e-17 -0.35460488704253573
vn -0.9350162426854148 -2.0987202733934912e-17 -0.35460488704253573
vn -0.9350162426854148 -2.0987202733934912e-17 -0.35460488704253573
vn -0.9350162426854148 -2.0987202733934912e-17 -0.35460488704253573
vn -0.9350162426854148 -2.0987202733934912e-17 -0.35460488704253573
vn -0.9350162426854148 -2.0987202733934912e-17 -0.35460488704253573
vn -0.9350162426854148 -2.0987202733934912e-17 -0.35460488704253573
vn -0.9350162426854148 -2.0987202733934912e-17 -0.35460488704253573
vn -0.9350162426854148 -2.0987202733934912e-17 -0.35460488704253573
vn -0.9350162426854148 -2.0987202733934912e-17 -0.35460488704253573
vn 0.35205479417181396 0.11971220728891938 -0.9282922004017145
vn 0.34350201098343175 0.24827557362196853 -0.905740364559856
vn 0.3290718110750584 0.37259089778816595 -0.8676910544895514
vn 0.30901110181500413 0.49053107898584575 -0.8147953114151181
vn 0.2836631267514737 0.6000781367992404 -0.747958194190778
vn 0.25346159599597 0.699357693053275 -0.668323302393667
vn 0.21892327203324805 0.7866710323976389 -0.5772532267113706
vn 0.1806391109592074 0.8605242150387589 -0.4763061903059788
vn 0.1392641589944948 0.9196536003382542 -0.3672094081099269
vn 0.09550635948055347 0.9630474553781009 -0.25182957330015077
vn 0.05011441950447515 0.989963300815574 -0.13214086421717752
vn 0.0038650045407323157 0.9999405990368259 -0.010191179410351388
vn -0.04245053374330009 0.9928086358538664 0.11193285826286274
vn -0.08803973173963912 0.9686894443229381 0.23214169399857898
vn -0.13212255322324973 0.9279957019757196 0.3483785413086762
vn -0.17394471785462914 0.8714236974910551 0.4586545263937677
vn -0.2127906399163901 0.7999413914378679 0.5610828047876899
vn -0.2479956557474851 0.7147718637210067 0.6539108024518125
vn -0.2789573925829999 0.6173724052680302 0.7355501929418966
vn -0.3051460920711859 0.5094095359648543 0.8046041182853559
vn -0.3261136610662081 0.3927305124189956 0.8598910539603883
vn -0.3415013341309531 0.26933176323962377 0.9004650132553814
vn -0.35104582446196264 0.14132467243313565 0.9256317659250289
vn -0.3545838231706993 0.010899467779384976 0.9349607018200158
vn -0.35205479417181446 -0.11971220728891925 0.9282922004017142
vn -0.3435020109834323 -0.24827557362196853 0.9057403645598557
vn -0.3290718110750589 -0.37259089778816595 0.8676910544895511
vn -0.30901110181500463 -0.49053107898584575 0.8147953114151177
vn -0.28366312675147415 -0.6000781367992404 0.7479581941907778
vn -0.25346159599597046 -0.699357693053275 0.6683233023936668
vn -0.21892327203324852 -0.7866710323976391 0.5772532267113705
vn -0.18063911095920784 -0.8605242150387589 0.47630619030597865
vn -0.13926415899449524 -0.9196536003382542 0.36720940810992675
vn -0.09550635948055392 -0.9630474553781009 0.2518295733001506
vn -0.050114419504475614 -0.989963300815574 0.13214086421717738
vn -0.0038650045407327732 -0.9999405990368259 0.010191179410351211
vn 0.04245053374329958 -0.9928086358538664 -0.11193285826286278
vn 0.08803973173963868 -0.9686894443229381 -0.23214169399857915
vn 0.13212255322324928 -0.9279957019757196 -0.34837854130867635
vn 0.17394471785462873 -0.8714236974910553 -0.4586545263937679
vn 0.21279063991638966 -0.7999413914378679 -0.56108280478769
vn 0.24799565574748467 -0.7147718637210067 -0.6539108024518129
vn 0.2789573925829994 -0.6173724052680301 -0.7355501929418967
vn 0.3051460920711854 -0.5094095359648543 -0.8046041182853562
vn 0.3261136610662076 -0.3927305124189956 -0.8598910539603886
vn 0.3415013341309526 -0.26933176323962377 -0.9004650132553816
vn 0.3510458244619621 -0.14132467243313565 -0.9256317659250292
vn 0.35458382317069875 -0.010899467779384974 -0.9349607018200159
vn 0.35205479417181396 0.11971220728891914 -0.9282922004017145
f 649/649/649 600/600/600 650/650/650
f 600/600/600 601/601/601 650/650/650
f 650/650/650 601/601/601 651/651/651
f 601/601/601 602/602/602 651/651/651
f 651/651/651 602/602/602 652/652/652
f 602/602/602 603/603/603 652/652/652
f 652/652/652 603/603/603 653/653/653
f 603/603/603 604/604/604 653/653/653
f 653/653/653 604/604/604 654/654/654
f 604/604/604 605/605/605 654/654/654
f 654/654/654 605/605/605 655/655/655
f 605/605/605 606/606/606 655/655/655
f 655/655/655 606/606/606 656/656/656
f 606/606/606 607/607/607 656/656/656
f 656/656/656 607/607/607 657/657/657
f 607/607/607 608/608/608 657/657/657
f 657/657/657 608/608/608 658/658/658
f 608/608/608 609/609/609 658/658/658
f 658/658/658 609/609/609 659/659/659
f 609/609/609 610/610/610 659/659/659
f 659/659/659 610/610/610 660/660/660
f 610/610/610 611/611/611 660/660/660
f 660/660/660 611/611/611 661/661/661
f 611/611/611 612/612/612 661/661/661
f 661/661/661 612/612/612 662/662/662
f 612/612/612 613/613/613 662/662/662
f 662/662/662 613/613/613 663/663/663
f 613/613/613 614/614/614 663/663/663
f 663/663/663 614/614/614 664/664/664
f 614/614/614 615/615/615 664/664/664
f 664/664/664 615/615/615 665/665/665
f 615/615/615 616/616/616 665/665/665
f 665/665/665 616/616/616 666/666/666
f 616/616/616 617/617/617 666/666/666
f 666/666/666 617/617/617 667/667/667
f 617/617/617 618/618/618 667/667/667
f 667/667/667 618/618/618 668/668/668
f 618/618/618 619/619/619 668/668/668
f 668/668/668 619/619/619 669/669/669
f 619/619/619 620/620/620 669/669/669
f 669/669/669 620/620/620 670/670/670
f 620/620/620 621/621/621 670/670/670
f 670/670/670 621/621/621 671/671/671
f 621/621/621 622/622/622 671/671/671
f 671/671/671 622/622/622 672/672/672
f 622/622/622 623/623/623 672/672/672
f 672/672/672 623/623/623 673/673/673
f 623/623/623 624/624/624 673/673/673
f 673/673/673 624/624/624 674/674/674
f 624/624/624 625/625/625 674/674/674
f 674/674/674 625/625/625 675/675/675
f 625/625/625 626/626/626 675/675/675
f 675/675/675 626/626/626 676/676/676
f 626/626/626 627/627/627 676/676/676
f 676/676/676 627/627/627 677/677/677
f 627/627/627 628/628/628 677/677/677
f 677/677/677 628/628/628 678/678/678
f 628/628/628 629/629/629 678/678/678
f 678/678/678 629/629/629 679/679/679
f 629/629/629 630/630/630 679/679/679
f 679/679/679 630/630/630 680/680/680
f 630/630/630 631/631/631 680/680/680
f 680/680/680 631/631/631 681/681/681
f 631/631/631 632/632/632 681/681/681
f 681/681/681 632/632/632 682/682/682
f 632/632/632 633/633/633 682/682/682
f 682/682/682 633/633/633 683/683/683
f 633/633/633 634/634/634 683/683/683
f 683/683/683 634/634/634 684/684/684
f 634/634/634 635/635/635 684/684/684
f 684/684/684 635/635/635 685/685/685
f 635/635/635 636/636/636 685/685/685
f 685/685/685 636/636/636 686/686/686
f 636/636/636 637/637/637 686/686/686
f 686/686/686 637/637/637 687/687/687
f 637/637/637 638/638/638 687/687/687
f 687/687/687 638/638/638 688/688/688
f 638/638/638 639/639/639 688/688/688
f 688/688/688 639/639/639 689/689/689
f 639/639/639 640/640/640 689/689/689
f 689/689/689 640/640/640 690/690/690
f 640/640/640 641/641/641 690/690/690
f 690/690/690 641/641/641 691/691/691
f 641/641/641 642/642/642 691/691/691
f 691/691/691 642/642/642 692/692/692
f 642/642/642 643/643/643 692/692/692
f 692/692/692 643/643/643 693/693/693
f 643/643/643 644/644/644 693/693/693
f 693/693/693 644/644/644 694/694/694
f 644/644/644 645/645/645 694/694/694
f 694/694/694 645/645/645 695/695/695
f 645/645/645 646/646/646 695/695/695
f 695/695/695 646/646/646 696/696/696
f 646/646/646 647/647/647 696/696/696
f 696/696/696 647/647/647 697/697/697
f 647/647/647 648/648/648 697/697/697
f 698/698/698 649/649/649 699/699/699
f 649/649/649 650/650/650 699/699/699
f 699/699/699 650/650/650 700/700/700
f 650/650/650 651/651/651 700/700/700
f 700/700/700 651/651/651 701/701/701
f 651/651/651 652/652/652 701/701/701
f 701/701/701 652/652/652 702/702/702
f 652/652/652 653/653/653 702/702/702
f 702/702/702 653/653/653 703/703/703
f 653/653/653 654/654/654 703/703/703
f 703/703/703 654/654/654 704/704/704
f 654/654/654 655/655/655 704/704/704
f 704/704/704 655/655/655 705/705/705
f 655/655/655 656/656/656 705/705/705
f 705/705/705 656/656/656 706/706/706
f 656/656/656 657/657/657 706/706/706
f 706/706/706 657/657/657 707/707/707
f 657/657/657 658/658/658 707/707/707
f 707/707/707 658/658/658 708/708/708
f 658/658/658 659/659/659 708/708/708
f 708/708/708 659/659/659 709/709/709
f 659/659/659 660/660/660 709/709/709
f 709/709/709 660/660/660 710/710/710
f 660/660/660 661/661/661 710/710/710
f 710/710/710 661/661/661 711/711/711
f 661/661/661 662/662/662 711/711/711
f 711/711/711 662/662/662 712/712/712
f 662/662/662 663/663/663 712/712/712
f 712/712/712 663/663/663 713/713/713
f 663/663/663 664/664/664 713/713/713
f 713/713/713 664/664/664 714/714/714
f 664/664/664 665/665/665 714/714/714
f 714/714/714 665/665/665 715/715/715
f 665/665/665 666/666/666 715/715/715
f 715/715/715 666/666/666 716/716/716
f 666/666/666 667/667/667 716/716/716
f 716/716/716 667/667/667 717/717/717
f 667/667/667 668/668/668 717/717/717
f 717/717/717 668/668/668 718/718/718
f 668/668/668 669/669/669 718/718/718
f 718/718/718 669/669/669 719/719/719
f 669/669/669 670/670/670 719/719/719
f 719/719/719 670/670/670 720/720/720
f 670/670/670 671/671/671 720/720/720
f 720/720/720 671/671/671 721/721/721
f 671/671/671 672/672/672 721/721/721
f 721/721/721 672/672/672 722/722/722
f 672/672/672 673/673/673 722/722/722
f 722/722/722 673/673/673 723/723/723
f 673/673/673 674/674/674 723/723/723
f 723/723/723 674/674/674 724/724/724
f 674/674/674 675/675/675 724/724/724
f 724/724/724 675/675/675 725/725/725
f 675/675/675 676/676/676 725/725/725
f 725/725/725 676/676/676 726/726/726
f 676/676/676 677/677/677 726/726/726
f 726/726/726 677/677/677 727/727/727
f 677/677/677 678/678/678 727/727/727
f 727/727/727 678/678/678 728/728/728
f 678/678/678 679/679/679 728/728/728
f 728/728/728 679/679/679 729/729/729
f 679/679/679 680/680/680 729/729/729
f 729/729/729 680/680/680 730/730/730
f 680/680/680 681/681/681 730/730/730
f 730/730/730 681/681/681 731/731/731
f 681/681/681 682/682/682 731/731/731
f 731/731/731 682/682/682 732/732/732
f 682/682/682 683/683/683 732/732/732
f 732/732/732 683/683/683 733/733/733
f 683/683/683 684/684/684 733/733/733
f 733/733/733 684/684/684 734/734/734
f 684/684/684 685/685/685 734/734/734
f 734/734/734 685/685/685 735/735/735
f 685/685/685 686/686/686 735/735/735
f 735/735/735 686/686/686 736/736/736
f 686/686/686 687/687/687 736/736/736
f 736/736/736 687/687/687 737/737/737
f 687/687/687 688/688/688 737/737/737
f 737/737/737 688/688/688 738/738/738
f 688/688/688 689/689/689 738/738/738
f 738/738/738 689/689/689 739/739/739
f 689/689/689 690/690/690 739/739/739
f 739/739/739 690/690/690 740/740/740
f 690/690/690 691/691/691 740/740/740
f 740/740/740 691/691/691 741/741/741
f 691/691/691 692/692/692 741/741/741
f 741/741/741 692/692/692 742/742/742
f 692/692/692 693/693/693 742/742/742
f 742/742/742 693/693/693 743/743/743
f 693/693/693 694/694/694 743/743/743
f 743/743/743 694/694/694 744/744/744
f 694/694/694 695/695/695 744/744/744
f 744/744/744 695/695/695 745/745/745
f 695/695/695 696/696/696 745/745/745
f 745/745/745 696/696/696 746/746/746
f 696/696/696 697/697/697 746/746/746
f 747/747/747 698/698/698 748/748/748
f 698/698/698 699/699/699 748/748/748
f 748/748/748 699/699/699 749/749/749
f 699/699/699 700/700/700 749/749/749
f 749/749/749 700/700/700 750/750/750
f 700/700/700 701/701/701 750/750/750
f 750/750/750 701/701/701 751/751/751
f 701/701/701 702/702/702 751/751/751
f 751/751/751 702/702/702 752/752/752
f 702/702/702 703/703/703 752/752/752
f 752/752/752 703/703/703 753/753/753
f 703/703/703 704/704/704 753/753/753
f 753/753/753 704/704/704 754/754/754
f 704/704/704 705/705/705 754/754/754
f 754/754/754 705/705/705 755/755/755
f 705/705/705 706/706/706 755/755/755
f 755/755/755 706/706/706 756/756/756
f 706/706/706 707/707/707 756/756/756
f 756/756/756 707/707/707 757/757/757
f 707/707/707 708/708/708 757/757/757
f 757/757/757 708/708/708 758/758/758
f 708/708/708 709/709/709 758/758/758
f 758/758/758 709/709/709 759/759/759
f 709/709/709 710/710/710 759/759/759
f 759/759/759 710/710/710 760/760/760
f 710/710/710 711/711/711 760/760/760
f 760/760/760 711/711/711 761/761/761
f 711/711/711 712/712/712 761/761/761
f 761/761/761 712/712/712 762/762/762
f 712/712/712 713/713/713 762/762/762
f 762/762/762 713/713/713 763/763/763
f 713/713/713 714/714/714 763/763/763
f 763/763/763 714/714/714 764/764/764
f 714/714/714 715/715/715 764/764/764
f 764/764/764 715/715/715 765/765/765
f 715/715/715 716/716/716 765/765/765
f 765/765/765 716/716/716 766/766/766
f 716/716/716 717/717/717 766/766/766
f 766/766/766 717/717/717 767/767/767
f 717/717/717 718/718/718 767/767/767
f 767/767/767 718/718/718 768/768/768
f 718/718/718 719/719/719 768/768/768
f 768/768/768 719/719/719 769/769/769
f 719/719/719 720/720/720 769/769/769
f 769/769/769 720/720/720 770/770/770
f 720/720/720 721/721/721 770/770/770
f 770/770/770 721/721/721 771/771/771
f 721/721/721 722/722/722 771/771/771
f 771/771/771 722/722/722 772/772/772
f 722/722/722 723/723/723 772/772/772
f 772/772/772 723/723/723 773/773/773
f 723/723/723 724/724/724 773/773/773
f 773/773/773 724/724/724 774/774/774
f 724/724/724 725/725/725 774/774/774
f 774/774/774 725/725/725 775/775/775
f 725/725/725 726/726/726 775/775/775
f 775/775/775 726/726/726 776/776/776
f 726/726/726 727/727/727 776/776/776
f 776/776/776 727/727/727 777/777/777
f 727/727/727 728/728/728 777/777/777
f 777/777/777 728/728/728 778/778/778
f 728/728/728 729/729/729 778/778/778
f 778/778/778 729/729/729 779/779/779
f 729/729/729 730/730/730 779/779/779
f 779/779/779 730/730/730 780/780/780
f 730/730/730 731/731/731 780/780/780
f 780/780/780 731/731/731 781/781/781
f 731/731/731 732/732/732 781/781/781
f 781/781/781 732/732/732 782/782/782
f 732/732/732 733/733/733 782/782/782
f 782/782/782 733/733/733 783/783/783
f 733/733/733 734/734/734 783/783/783
f 783/783/783 734/734/734 784/784/784
f 734/734/734 735/735/735 784/784/784
f 784/784/784 735/735/735 785/785/785
f 735/735/735 736/736/736 785/785/785
f 785/785/785 736/736/736 786/786/786
f 736/736/736 737/737/737 786/786/786
f 786/786/786 737/737/737 787/787/787
f 737/737/737 738/738/738 787/787/787
f 787/787/787 738/738/738 788/788/788
f 738/738/738 739/739/739 788/788/788
f 788/788/788 739/739/739 789/789/789
f 739/739/739 740/740/740 789/789/789
f 789/789/789 740/740/740 790/790/790
f 740/740/740 741/741/741 790/790/790
f 790/790/790 741/741/741 791/791/791
f 741/741/741 742/742/742 791/791/791
f 791/791/791 742/742/742 792/792/792
f 742/742/742 743/743/743 792/792/792
f 792/792/792 743/743/743 793/793/793
f 743/743/743 744/744/744 793/793/793
f 793/793/793 744/744/744 794/794/794
f 744/744/744 745/745/745 794/794/794
f 794/794/794 745/745/745 795/795/795
f 745/745/745 746/746/746 795/795/795
f 796/796/796 747/747/747 797/797/797
f 747/747/747 748/748/748 797/797/797
f 797/797/797 748/748/748 798/798/798
f 748/748/748 749/749/749 798/798/798
f 798/798/798 749/749/749 799/799/799
f 749/749/749 750/750/750 799/799/799
f 799/799/799 750/750/750 800/800/800
f 750/750/750 751/751/751 800/800/800
f 800/800/800 751/751/751 801/801/801
f 751/751/751 752/752/752 801/801/801
f 801/801/801 752/752/752 802/802/802
f 752/752/752 753/753/753 802/802/802
f 802/802/802 753/753/753 803/803/803
f 753/753/753 754/754/754 803/803/803
f 803/803/803 754/754/754 804/804/804
f 754/754/754 755/755/755 804/804/804
f 804/804/804 755/755/755 805/805/805
f 755/755/755 756/756/756 805/805/805
f 805/805/805 756/756/756 806/806/806
f 756/756/756 757/757/757 806/806/806
f 806/806/806 757/757/757 807/807/807
f 757/757/757 758/758/758 807/807/807
f 807/807/807 758/758/758 808/808/808
f 758/758/758 759/759/759 808/808/808
f 808/808/808 759/759/759 809/809/809
f 759/759/759 760/760/760 809/809/809
f 809/809/809 760/760/760 810/810/810
f 760/760/760 761/761/761 810/810/810
f 810/810/810 761/761/761 811/811/811
f 761/761/761 762/762/762 811/811/811
f 811/811/811 762/762/762 812/812/812
f 762/762/762 763/763/763 812/812/812
f 812/812/812 763/763/763 813/813/813
f 763/763/763 764/764/764 813/813/813
f 813/813/813 764/764/764 814/814/814
f 764/764/764 765/765/765 814/814/814
f 814/814/814 765/765/765 815/815/815
f 765/765/765 766/766/766 815/815/815
f 815/815/815 766/766/766 816/816/816
f 766/766/766 767/767/767 816/816/816
f 816/816/816 767/767/767 817/817/817
f 767/767/767 768/768/768 817/817/817
f 817/817/817 768/768/768 818/818/818
f 768/768/768 769/769/769 818/818/818
f 818/818/818 769/769/769 819/819/819
f 769/769/769 770/770/770 819/819/819
f 819/819/819 770/770/770 820/820/820
f 770/770/770 771/771/771 820/820/820
f 820/820/820 771/771/771 821/821/821
f 771/771/771 772/772/772 821/821/821
f 821/821/821 772/772/772 822/822/822
f 772/772/772 773/773/773 822/822/822
f 822/822/822 773/773/773 823/823/823
f 773/773/773 774/774/774 823/823/823
f 823/823/823 774/774/774 824/824/824
f 774/774/774 775/775/775 824/824/824
f 824/824/824 775/775/775 825/825/825
f 775/775/775 776/776/776 825/825/825
f 825/825/825 776/776/776 826/826/826
f 776/776/776 777/777/777 826/826/826
f 826/826/826 777/777/777 827/827/827
f 777/777/777 778/778/778 827/827/827
f 827/827/827 778/778/778 828/828/828
f 778/778/778 779/779/779 828/828/828
f 828/828/828 779/779/779 829/829/829
f 779/779/779 780/780/780 829/829/829
f 829/829/829 780/780/780 830/830/830
f 780/780/780 781/781/781 830/830/830
f 830/830/830 781/781/781 831/831/831
f 781/781/781 782/782/782 831/831/831
f 831/831/831 782/782/782 832/832/832
f 782/782/782 783/783/783 832/832/832
f 832/832/832 783/783/783 833/833/833
f 783/783/783 784/784/784 833/833/833
f 833/833/833 784/784/784 834/834/834
f 784/784/784 785/785/785 834/834/834
f 834/834/834 785/785/785 835/835/835
f 785/785/785 786/786/786 835/835/835
f 835/835/835 786/786/786 836/836/836
f 786/786/786 787/787/787 836/836/836
f 836/836/836 787/787/787 837/837/837
f 787/787/787 788/788/788 837/837/837
f 837/837/837 788/788/788 838/838/838
f 788/788/788 789/789/789 838/838/838
f 838/838/838 789/789/789 839/839/839
f 789/789/789 790/790/790 839/839/839
f 839/839/839 790/790/790 840/840/840
f 790/790/790 791/791/791 840/840/840
f 840/840/840 791/791/791 841/841/841
f 791/791/791 792/792/792 841/841/841
f 841/841/841 792/792/792 842/842/842
f 792/792/792 793/793/793 842/842/842
f 842/842/842 793/793/793 843/843/843
f 793/793/793 794/794/794 843/843/843
f 843/843/843 794/794/794 844/844/844
f 794/794/794 795/795/795 844/844/844
o Star_Ring
v 0.2805922165973949 2.3634015618669286 0.313192901357558
v 0.214755984955811 2.378264813918609 0.34499869785139115
v 0.14524522157253114 2.3862794259840627 0.37090147223209613
v 0.0732492665319214 2.3873082414336366 0.39045799860187264
v -1.064399457462173e-9 2.381333699935056 0.4033337002089726
v -0.07324926097011064 2.3684580008240568 0.40930824222452433
v -0.14524522227216785 2.3489014702654405 0.40827942419745483
v -0.21475598759503892 2.322998687292059 0.40026480403846665
v -0.2805922147538009 2.2911929008297727 0.38540156086470645
v -0.34162743298074116 2.2540282878222713 0.3639439813790515
v -0.3968173275038339 2.212140768690894 0.3362592380961721
v -0.44521754753840415 2.1662470218881524 0.30282098667187074
v -0.4859999753550592 2.117132316324158 0.26420138507288116
v -0.5184668179038461 2.0656370208453922 0.22106122944740766
v -0.5420625516874448 2.0126422332971097 0.1741386571262993
v -0.55638341471104 1.959054707361625 0.12423651615555796
v -0.5611844313511959 1.905791338962844 0.07220865950714844
v -0.5563834168071815 1.8537634875721043 0.018945296905466286
v -0.5420625490763651 1.8038613427068313 -0.0346422341359241
v -0.5184668036844603 1.7569387704853652 -0.08763702457188996
v -0.4859999742906597 1.7137986163891024 -0.13913231513609142
v -0.44521753811813247 1.6751790216306746 -0.18824701600985555
v -0.3968173294152769 1.6417407630316685 -0.2341407670711555
v -0.34162744284610586 1.6140560105810287 -0.27602829332340106
v -0.28059221659739497 1.592598438133071 -0.31319290135755795
v -0.214755984955811 1.5777351860813904 -0.34499869785139115
v -0.14524522157253114 1.5697205740159368 -0.37090147223209613
v -0.0732492665319214 1.5686917585663627 -0.39045799860187264
v 1.064399457462173e-9 1.5746663000649437 -0.4033337002089726
v 0.07324926097011064 1.5875419991759425 -0.40930824222452433
v 0.14524522227216785 1.6070985297345588 -0.40827942419745483
v 0.21475598759503892 1.6330013127079404 -0.40026480403846665
v 0.2805922147538009 1.6648070991702268 -0.38540156086470645
v 0.34162743298074116 1.7019717121777282 -0.3639439813790515
v 0.3968173275038339 1.7438592313091055 -0.3362592380961721
v 0.44521754753840415 1.789752978111847 -0.30282098667187074
v 0.4859999753550591 1.838867683675841 -0.2642013850728812
v 0.5184668179038461 1.890362979154607 -0.22106122944740766
v 0.5420625516874448 1.94335776670289 -0.1741386571262993
v 0.55638341471104 1.9969452926383746 -0.12423651615555796
v 0.5611844313511959 2.0502086610371557 -0.07220865950714844
v 0.5563834168071815 2.102236512427895 -0.018945296905466286
v 0.5420625490763651 2.1521386572931682 0.0346422341359241
v 0.5184668036844603 2.1990612295146343 0.08763702457188996
v 0.4859999742906597 2.2422013836108974 0.13913231513609142
v 0.44521753811813247 2.280820978369325 0.18824701600985555
v 0.3968173294152769 2.314259236968331 0.2341407670711555
v 0.34162744284610586 2.341943989418971 0.27602829332340106
v 0.280592216597395 2.3634015618669286 0.31319290135755795
v 0.274834997447609 2.3381686917095315 0.3158904621875255
v 0.21112251615580094 2.352552483747938 0.3466702647339889
v 0.14385402980517595 2.360308549824814 0.3717374570879029
v 0.07418052899177967 2.3613041918614215 0.3906631409045098
v 0.00329414197113865 2.355522371812439 0.4031234913518449
v -0.06759224031578455 2.343062031870592 0.4089053206881226
v -0.13726574901021174 2.3241363492727536 0.4079096818984175
v -0.2045342353096165 2.2990691473300404 0.40015360621956125
v -0.26824670478591756 2.268289342090878 0.3857698084478083
v -0.32731304821009094 2.232323592547014 0.3650044147497584
v -0.3807226105325084 2.1917872750172886 0.33821271565763966
v -0.4275615445766044 2.147373976286023 0.3058531250727544
v -0.4670284096617714 2.0998436168098022 0.26847931768077415
v -0.49844793416513045 2.050009460641867 0.2267307805857449
v -0.5212825021844745 1.998724179984107 0.18132183388329481
v -0.5351414208896335 1.946865284393425 0.13302944476219083
v -0.539787557926028 1.8953200909122674 0.08267990572936164
v -0.5351414346591273 1.8449705535099026 0.031134717422161888
v -0.5212825190606575 1.7966781583248115 -0.020724183433019995
v -0.4984479376906231 1.7512692133770327 -0.07200946577182564
v -0.4670284073254114 1.709520685528284 -0.12184361420199187
v -0.4275615411121096 1.6721468808806854 -0.16937397122414966
v -0.38072261503776045 1.6397872870006696 -0.21378727119958113
v -0.3273130558732524 1.612995581774211 -0.25432359405097804
v -0.26824670883261176 1.5922301893523103 -0.29028934324936767
v -0.20453422754080372 1.5778463973139036 -0.3210691457958311
v -0.13726574119017873 1.5700903312370278 -0.34613633814974515
v -0.06759224037678242 1.56909468920042 -0.36506202196635207
v 0.003294146643858583 1.5748765092494026 -0.37752237241368714
v 0.0741805289307818 1.5873368491912496 -0.3833042017499648
v 0.14385403762520896 1.6062625317890884 -0.3823085629602597
v 0.21112252392461373 1.6313297337318013 -0.3745524872814035
v 0.27483499340091483 1.662109538970964 -0.36016868950965053
v 0.3339013368250882 1.6980752885148274 -0.33940329581160067
v 0.38731089914750566 1.738611606044553 -0.3126115967194819
v 0.43414983319160166 1.7830249047758187 -0.28025200613459667
v 0.4736166982767686 1.8305552642520395 -0.24287819874261646
v 0.5050362227801277 1.880389420419975 -0.20112966164758714
v 0.5278707907994717 1.9316747010777349 -0.15572071494513706
v 0.5417297095046307 1.9835335966684167 -0.1074283258240331
v 0.5463758465410252 2.0350787901495746 -0.05707878679120391
v 0.5417297232741246 2.085428327551939 -0.005533598484004152
v 0.5278708076756548 2.1337207227370305 0.04632530237117773
v 0.5050362263056204 2.179129667684809 0.09761058470998336
v 0.47361669594040867 2.2208781955335577 0.1474447331401496
v 0.43414982972710686 2.2582520001811566 0.1949750901623074
v 0.3873109036527577 2.2906115940611724 0.23938839013773888
v 0.33390134448824965 2.317403299287631 0.2799247129891358
v 0.2748349974476091 2.3381686917095315 0.3158904621875254
v 0.2624894896828258 2.338536940490292 0.29298690407933525
v 0.20090075874079366 2.3524412725154247 0.32274071267842896
v 0.135874566282299 2.3599388157607026 0.34697234182385017
v 0.06852350283664074 2.3609012612273643 0.3652671642689892
v 1.3251155007013976e-8 2.3553121857849595 0.3773121823748577
v -0.06852350827645567 2.343267181855285 0.3829012802135631
v -0.13587456436325285 2.3249723472182238 0.3819388206612223
v -0.20090077163919137 2.3007407263061794 0.3744412894624981
v -0.2624895126344995 2.2709869106499516 0.3605369529673793
v -0.319586952054438 2.236220016209915 0.34046372918230766
v -0.37121621137764815 2.197034908641652 0.3145650901555765
v -0.41649383022980196 2.1541020496220518 0.28328414453548045
v -0.4546451325834809 2.108156036233604 0.24715613135050946
v -0.48501733904141214 2.059983019376499 0.20679921278592442
v -0.5070907704979695 2.0104072539690727 0.16290390757675954
v -0.5204877156832242 1.9602769803633828 0.11622125443066596
v -0.5249790023173253 1.9104499701596596 0.06755004888804408
v -0.5204877411260704 1.8617787383858586 0.017723019000699752
v -0.5070907776599471 1.8150960928809494 -0.032407251668273684
v -0.48501736031178333 1.7712007752068581 -0.08198302590991902
v -0.4546451458346359 1.730843850448644 -0.1301560510243483
v -0.416493832721084 1.6947158590688538 -0.17610204537660146
v -0.3712162061347166 1.6634349067508487 -0.21903491308446277
v -0.3195869575153962 1.6375362719055513 -0.25822001371671277
v -0.26248948968282587 1.6174630595097075 -0.2929869040793352
v -0.20090075874079366 1.6035587274845748 -0.32274071267842896
v -0.135874566282299 1.5960611842392969 -0.34697234182385017
v -0.06852350283664074 1.5950987387726352 -0.3652671642689892
v -1.3251155006207144e-8 1.6006878142150398 -0.3773121823748577
v 0.06852350827645567 1.6127328181447145 -0.3829012802135631
v 0.13587456436325285 1.6310276527817755 -0.3819388206612223
v 0.20090077163919137 1.65525927369382 -0.3744412894624981
v 0.2624895126344995 1.685013089350048 -0.3605369529673793
v 0.319586952054438 1.7197799837900845 -0.34046372918230766
v 0.37121621137764815 1.7589650913583474 -0.3145650901555765
v 0.41649383022980196 1.801897950377948 -0.28328414453548045
v 0.4546451325834808 1.8478439637663955 -0.24715613135050948
v 0.48501733904141214 1.8960169806235003 -0.20679921278592442
v 0.5070907704979695 1.9455927460309266 -0.16290390757675954
v 0.5204877156832242 1.9957230196366167 -0.11622125443066596
v 0.5249790023173253 2.04555002984034 -0.06755004888804408
v 0.5204877411260704 2.094221261614141 -0.017723019000699752
v 0.5070907776599471 2.1409039071190503 0.032407251668273684
v 0.48501736031178333 2.1847992247931414 0.08198302590991902
v 0.4546451458346359 2.2251561495513554 0.1301560510243483
v 0.416493832721084 2.2612841409311457 0.17610204537660146
v 0.3712162061347166 2.292565093249151 0.21903491308446277
v 0.3195869575153962 2.3184637280944482 0.25822001371671277
v 0.2624894896828259 2.338536940490292 0.2929869040793352
v 0.2682467088326117 2.363769810647689 0.2902893432493677
v 0.20453422754080372 2.378153602686096 0.3210691457958311
v 0.13726574119017873 2.385909668762972 0.34613633814974515
v 0.06759224037678242 2.3869053107995795 0.36506202196635207
v -0.003294146643858583 2.3811234907505967 0.37752237241368714
v -0.0741805289307818 2.36866315080875 0.3833042017499648
v -0.14385403762520896 2.349737468210911 0.3823085629602597
v -0.21112252392461373 2.324670266268198 0.3745524872814035
v -0.27483499340091483 2.2938904610290356 0.36016868950965053
v -0.3339013368250882 2.257924711485172 0.33940329581160067
v -0.38731089914750566 2.2173883939554466 0.3126115967194819
v -0.43414983319160166 2.172975095224181 0.28025200613459667
v -0.47361669827676867 2.1254447357479602 0.2428781987426164
v -0.5050362227801277 2.0756105795800246 0.20112966164758714
v -0.5278707907994717 2.0243252989222644 0.15572071494513706
v -0.5417297095046307 1.9724664033315829 0.1074283258240331
v -0.5463758465410252 1.9209212098504251 0.05707878679120391
v -0.5417297232741246 1.8705716724480603 0.005533598484004152
v -0.5278708076756548 1.822279277262969 -0.04632530237117773
v -0.5050362263056204 1.7768703323151904 -0.09761058470998336
v -0.47361669594040867 1.7351218044664418 -0.1474447331401496
v -0.43414982972710686 1.697747999818843 -0.1949750901623074
v -0.3873109036527577 1.665388405938827 -0.23938839013773888
v -0.33390134448824965 1.6385967007123687 -0.2799247129891358
v -0.27483499744760903 1.617831308290468 -0.3158904621875254
v -0.21112251615580094 1.6034475162520614 -0.3466702647339889
v -0.14385402980517595 1.5956914501751855 -0.3717374570879029
v -0.07418052899177967 1.594695808138578 -0.3906631409045098
v -0.00329414197113865 1.6004776281875603 -0.4031234913518449
v 0.06759224031578455 1.6129379681294074 -0.4089053206881226
v 0.13726574901021174 1.631863650727246 -0.4079096818984175
v 0.2045342353096165 1.656930852669959 -0.40015360621956125
v 0.26824670478591756 1.6877106579091217 -0.3857698084478083
v 0.32731304821009094 1.7236764074529851 -0.3650044147497584
v 0.3807226105325084 1.7642127249827109 -0.33821271565763966
v 0.4275615445766044 1.8086260237139764 -0.3058531250727544
v 0.46702840966177134 1.8561563831901973 -0.2684793176807742
v 0.49844793416513045 1.9059905393581327 -0.2267307805857449
v 0.5212825021844745 1.9572758200158926 -0.18132183388329481
v 0.5351414208896335 2.0091347156065744 -0.13302944476219083
v 0.539787557926028 2.060679909087732 -0.08267990572936164
v 0.5351414346591273 2.1110294464900967 -0.031134717422161888
v 0.5212825190606575 2.159321841675188 0.020724183433019995
v 0.4984479376906231 2.204730786622967 0.07200946577182564
v 0.4670284073254114 2.2464793144717157 0.12184361420199187
v 0.4275615411121096 2.283853119119314 0.16937397122414966
v 0.38072261503776045 2.31621271299933 0.21378727119958113
v 0.3273130558732524 2.3430044182257888 0.25432359405097804
v 0.2682467088326118 2.363769810647689 0.29028934324936767
v 0.2805922165973949 2.3634015618669286 0.313192901357558
v 0.214755984955811 2.378264813918609 0.34499869785139115
v 0.14524522157253114 2.3862794259840627 0.37090147223209613
v 0.0732492665319214 2.3873082414336366 0.39045799860187264
v -1.0643994582690055e-9 2.381333699935056 0.4033337002089726
v -0.07324926097011064 2.3684580008240568 0.40930824222452433
v -0.14524522227216785 2.3489014702654405 0.40827942419745483
v -0.21475598759503892 2.322998687292059 0.40026480403846665
v -0.2805922147538009 2.2911929008297727 0.38540156086470645
v -0.34162743298074116 2.2540282878222713 0.3639439813790515
v -0.3968173275038339 2.212140768690894 0.3362592380961721
v -0.44521754753840415 2.1662470218881524 0.30282098667187074
v -0.4859999753550592 2.117132316324158 0.26420138507288116
v -0.5184668179038461 2.0656370208453922 0.22106122944740766
v -0.5420625516874448 2.0126422332971097 0.1741386571262993
v -0.55638341471104 1.959054707361625 0.12423651615555796
v -0.5611844313511959 1.905791338962844 0.07220865950714844
v -0.5563834168071815 1.8537634875721043 0.018945296905466282
v -0.5420625490763651 1.8038613427068313 -0.0346422341359241
v -0.5184668036844603 1.7569387704853652 -0.08763702457188996
v -0.4859999742906597 1.7137986163891024 -0.13913231513609142
v -0.44521753811813247 1.6751790216306746 -0.18824701600985555
v -0.3968173294152769 1.6417407630316685 -0.2341407670711555
v -0.34162744284610586 1.6140560105810287 -0.27602829332340106
v -0.28059221659739497 1.592598438133071 -0.31319290135755795
v -0.214755984955811 1.5777351860813904 -0.34499869785139115
v -0.14524522157253114 1.5697205740159368 -0.37090147223209613
v -0.0732492665319214 1.5686917585663627 -0.39045799860187264
v 1.0643994566553403e-9 1.5746663000649437 -0.4033337002089726
v 0.07324926097011064 1.5875419991759425 -0.40930824222452433
v 0.14524522227216785 1.6070985297345588 -0.40827942419745483
v 0.21475598759503892 1.6330013127079404 -0.40026480403846665
v 0.2805922147538009 1.6648070991702268 -0.38540156086470645
v 0.34162743298074116 1.7019717121777282 -0.3639439813790515
v 0.3968173275038339 1.7438592313091055 -0.3362592380961721
v 0.44521754753840415 1.789752978111847 -0.30282098667187074
v 0.4859999753550591 1.838867683675841 -0.2642013850728812
v 0.5184668179038461 1.890362979154607 -0.22106122944740766
v 0.5420625516874448 1.94335776670289 -0.1741386571262993
v 0.55638341471104 1.9969452926383746 -0.12423651615555796
v 0.5611844313511959 2.0502086610371557 -0.07220865950714844
v 0.5563834168071815 2.102236512427895 -0.01894529690546629
v 0.5420625490763651 2.1521386572931682 0.0346422341359241
v 0.5184668036844603 2.1990612295146343 0.08763702457188996
v 0.4859999742906597 2.2422013836108974 0.13913231513609142
v 0.44521753811813247 2.280820978369325 0.18824701600985555
v 0.3968173294152769 2.314259236968331 0.2341407670711555
v 0.34162744284610586 2.341943989418971 0.27602829332340106
v 0.280592216597395 2.3634015618669286 0.31319290135755795
vt 0 0
vt 0.02083333395421505 0
vt 0.0416666679084301 0
vt 0.0625 0
vt 0.0833333358168602 0
vt 0.1041666641831398 0
vt 0.125 0
vt 0.1458333283662796 0
vt 0.1666666716337204 0
vt 0.1875 0
vt 0.2083333283662796 0
vt 0.2291666716337204 0
vt 0.25 0
vt 0.2708333432674408 0
vt 0.2916666567325592 0
vt 0.3125 0
vt 0.3333333432674408 0
vt 0.3541666567325592 0
vt 0.375 0
vt 0.3958333432674408 0
vt 0.4166666567325592 0
vt 0.4375 0
vt 0.4583333432674408 0
vt 0.4791666567325592 0
vt 0.5 0
vt 0.5208333134651184 0
vt 0.5416666865348816 0
vt 0.5625 0
vt 0.5833333134651184 0
vt 0.6041666865348816 0
vt 0.625 0
vt 0.6458333134651184 0
vt 0.6666666865348816 0
vt 0.6875 0
vt 0.7083333134651184 0
vt 0.7291666865348816 0
vt 0.75 0
vt 0.7708333134651184 0
vt 0.7916666865348816 0
vt 0.8125 0
vt 0.8333333134651184 0
vt 0.8541666865348816 0
vt 0.875 0
vt 0.8958333134651184 0
vt 0.9166666865348816 0
vt 0.9375 0
vt 0.9583333134651184 0
vt 0.9791666865348816 0
vt 1 0
vt 0 0.25
vt 0.02083333395421505 0.25
vt 0.0416666679084301 0.25
vt 0.0625 0.25
vt 0.0833333358168602 0.25
vt 0.1041666641831398 0.25
vt 0.125 0.25
vt 0.1458333283662796 0.25
vt 0.1666666716337204 0.25
vt 0.1875 0.25
vt 0.2083333283662796 0.25
vt 0.2291666716337204 0.25
vt 0.25 0.25
vt 0.2708333432674408 0.25
vt 0.2916666567325592 0.25
vt 0.3125 0.25
vt 0.3333333432674408 0.25
vt 0.3541666567325592 0.25
vt 0.375 0.25
vt 0.3958333432674408 0.25
vt 0.4166666567325592 0.25
vt 0.4375 0.25
vt 0.4583333432674408 0.25
vt 0.4791666567325592 0.25
vt 0.5 0.25
vt 0.5208333134651184 0.25
vt 0.5416666865348816 0.25
vt 0.5625 0.25
vt 0.5833333134651184 0.25
vt 0.6041666865348816 0.25
vt 0.625 0.25
vt 0.6458333134651184 0.25
vt 0.6666666865348816 0.25
vt 0.6875 0.25
vt 0.7083333134651184 0.25
vt 0.7291666865348816 0.25
vt 0.75 0.25
vt 0.7708333134651184 0.25
vt 0.7916666865348816 0.25
vt 0.8125 0.25
vt 0.8333333134651184 0.25
vt 0.8541666865348816 0.25
vt 0.875 0.25
vt 0.8958333134651184 0.25
vt 0.9166666865348816 0.25
vt 0.9375 0.25
vt 0.9583333134651184 0.25
vt 0.9791666865348816 0.25
vt 1 0.25
vt 0 0.5
vt 0.02083333395421505 0.5
vt 0.0416666679084301 0.5
vt 0.0625 0.5
vt 0.0833333358168602 0.5
vt 0.1041666641831398 0.5
vt 0.125 0.5
vt 0.1458333283662796 0.5
vt 0.1666666716337204 0.5
vt 0.1875 0.5
vt 0.2083333283662796 0.5
vt 0.2291666716337204 0.5
vt 0.25 0.5
vt 0.2708333432674408 0.5
vt 0.2916666567325592 0.5
vt 0.3125 0.5
vt 0.3333333432674408 0.5
vt 0.3541666567325592 0.5
vt 0.375 0.5
vt 0.3958333432674408 0.5
vt 0.4166666567325592 0.5
vt 0.4375 0.5
vt 0.4583333432674408 0.5
vt 0.4791666567325592 0.5
vt 0.5 0.5
vt 0.5208333134651184 0.5
vt 0.5416666865348816 0.5
vt 0.5625 0.5
vt 0.5833333134651184 0.5
vt 0.6041666865348816 0.5
vt 0.625 0.5
vt 0.6458333134651184 0.5
vt 0.6666666865348816 0.5
vt 0.6875 0.5
vt 0.7083333134651184 0.5
vt 0.7291666865348816 0.5
vt 0.75 0.5
vt 0.7708333134651184 0.5
vt 0.7916666865348816 0.5
vt 0.8125 0.5
vt 0.8333333134651184 0.5
vt 0.8541666865348816 0.5
vt 0.875 0.5
vt 0.8958333134651184 0.5
vt 0.9166666865348816 0.5
vt 0.9375 0.5
vt 0.9583333134651184 0.5
vt 0.9791666865348816 0.5
vt 1 0.5
vt 0 0.75
vt 0.02083333395421505 0.75
vt 0.0416666679084301 0.75
vt 0.0625 0.75
vt 0.0833333358168602 0.75
vt 0.1041666641831398 0.75
vt 0.125 0.75
vt 0.1458333283662796 0.75
vt 0.1666666716337204 0.75
vt 0.1875 0.75
vt 0.2083333283662796 0.75
vt 0.2291666716337204 0.75
vt 0.25 0.75
vt 0.2708333432674408 0.75
vt 0.2916666567325592 0.75
vt 0.3125 0.75
vt 0.3333333432674408 0.75
vt 0.3541666567325592 0.75
vt 0.375 0.75
vt 0.3958333432674408 0.75
vt 0.4166666567325592 0.75
vt 0.4375 0.75
vt 0.4583333432674408 0.75
vt 0.4791666567325592 0.75
vt 0.5 0.75
vt 0.5208333134651184 0.75
vt 0.5416666865348816 0.75
vt 0.5625 0.75
vt 0.5833333134651184 0.75
vt 0.6041666865348816 0.75
vt 0.625 0.75
vt 0.6458333134651184 0.75
vt 0.6666666865348816 0.75
vt 0.6875 0.75
vt 0.7083333134651184 0.75
vt 0.7291666865348816 0.75
vt 0.75 0.75
vt 0.7708333134651184 0.75
vt 0.7916666865348816 0.75
vt 0.8125 0.75
vt 0.8333333134651184 0.75
vt 0.8541666865348816 0.75
vt 0.875 0.75
vt 0.8958333134651184 0.75
vt 0.9166666865348816 0.75
vt 0.9375 0.75
vt 0.9583333134651184 0.75
vt 0.9791666865348816 0.75
vt 1 0.75
vt 0 1
vt 0.02083333395421505 1
vt 0.0416666679084301 1
vt 0.0625 1
vt 0.0833333358168602 1
vt 0.1041666641831398 1
vt 0.125 1
vt 0.1458333283662796 1
vt 0.1666666716337204 1
vt 0.1875 1
vt 0.2083333283662796 1
vt 0.2291666716337204 1
vt 0.25 1
vt 0.2708333432674408 1
vt 0.2916666567325592 1
vt 0.3125 1
vt 0.3333333432674408 1
vt 0.3541666567325592 1
vt 0.375 1
vt 0.3958333432674408 1
vt 0.4166666567325592 1
vt 0.4375 1
vt 0.4583333432674408 1
vt 0.4791666567325592 1
vt 0.5 1
vt 0.5208333134651184 1
vt 0.5416666865348816 1
vt 0.5625 1
vt 0.5833333134651184 1
vt 0.6041666865348816 1
vt 0.625 1
vt 0.6458333134651184 1
vt 0.6666666865348816 1
vt 0.6875 1
vt 0.7083333134651184 1
vt 0.7291666865348816 1
vt 0.75 1
vt 0.7708333134651184 1
vt 0.7916666865348816 1
vt 0.8125 1
vt 0.8333333134651184 1
vt 0.8541666865348816 1
vt 0.875 1
vt 0.8958333134651184 1
vt 0.9166666865348816 1
vt 0.9375 1
vt 0.9583333134651184 1
vt 0.9791666865348816 1
vt 1 1
vn 0.4919218463940608 0.6756689483969619 0.549075922994627
vn 0.3765006906310289 0.7017265343298063 0.6048364249711138
vn 0.2546374831062875 0.7157773879707492 0.6502480165806479
vn 0.1284173660010768 0.7175810900485278 0.6845336801897421
vn -7.64624836525488e-9 0.70710678020269 0.7071067821704048
vn -0.12841738410434908 0.6845336761474078 0.7175810906649588
vn -0.2546374850975592 0.6502480159409476 0.715777387843491
vn -0.37650066901771173 0.6048364341864889 0.7017265379831295
vn -0.49192183977221515 0.5490759265944226 0.6756689502926674
vn -0.5989260883753091 0.48392057844909 0.6380504795209777
vn -0.6956825453403825 0.4104852145223393 0.5895147875730306
vn -0.7805356861681166 0.33002632844310337 0.5308923291519969
vn -0.8520336313076061 0.24392061465292264 0.463186166533625
vn -0.9089530470785199 0.1536413521744567 0.38755476143208306
vn -0.9503200324292141 0.06073322772821719 0.30529217319389285
vn -0.9754267742625855 -0.03321405252724701 0.21780595668255795
vn -0.9838436927881213 -0.12659303089783644 0.12659301990683394
vn -0.9754267718792444 -0.21780596938704808 0.033214039209418775
vn -0.9503200318956544 -0.30529217455640295 -0.0607332292280357
vn -0.9089530560310488 -0.38755474705012843 -0.15364133548862474
vn -0.8520336351307304 -0.4631861622663097 -0.24392060940175056
vn -0.7805356830423698 -0.5308923316775391 -0.3300263317730375
vn -0.6956825482558074 -0.5895147858527936 -0.41048521205183647
vn -0.5989260843017565 -0.638050481243358 -0.4839205812197743
vn -0.49192184639406095 -0.6756689483969619 -0.5490759229946269
vn -0.3765006906310289 -0.7017265343298063 -0.6048364249711138
vn -0.2546374831062875 -0.7157773879707492 -0.6502480165806479
vn -0.1284173660010768 -0.7175810900485278 -0.6845336801897421
vn 7.64624836525488e-9 -0.70710678020269 -0.7071067821704048
vn 0.12841738410434908 -0.6845336761474078 -0.7175810906649588
vn 0.2546374850975592 -0.6502480159409476 -0.715777387843491
vn 0.37650066901771173 -0.6048364341864889 -0.7017265379831295
vn 0.49192183977221515 -0.5490759265944226 -0.6756689502926674
vn 0.5989260883753091 -0.48392057844909 -0.6380504795209777
vn 0.6956825453403825 -0.4104852145223393 -0.5895147875730306
vn 0.7805356861681166 -0.33002632844310337 -0.5308923291519969
vn 0.8520336313076059 -0.24392061465292275 -0.46318616653362504
vn 0.9089530470785199 -0.1536413521744567 -0.38755476143208306
vn 0.9503200324292141 -0.06073322772821719 -0.30529217319389285
vn 0.9754267742625855 0.03321405252724701 -0.21780595668255795
vn 0.9838436927881213 0.12659303089783644 -0.12659301990683394
vn 0.9754267718792444 0.21780596938704808 -0.033214039209418775
vn 0.9503200318956544 0.30529217455640295 0.0607332292280357
vn 0.9089530560310488 0.38755474705012843 0.15364133548862474
vn 0.8520336351307304 0.4631861622663097 0.24392060940175056
vn 0.7805356830423698 0.5308923316775391 0.3300263317730375
vn 0.6956825482558074 0.5895147858527936 0.41048521205183647
vn 0.5989260843017565 0.638050481243358 0.4839205812197743
vn 0.491921846394061 0.6756689483969619 0.5490759229946269
vn 0.17902957342582437 -0.6956825467980952 0.6956825467980949
vn 0.17902957342582437 -0.6956825467980952 0.6956825467980949
vn 0.17902957342582437 -0.6956825467980952 0.6956825467980949
vn 0.17902957342582437 -0.6956825467980952 0.6956825467980949
vn 0.17902957342582437 -0.6956825467980952 0.6956825467980949
vn 0.17902957342582437 -0.6956825467980952 0.6956825467980949
vn 0.17902957342582437 -0.6956825467980952 0.6956825467980949
vn 0.17902957342582437 -0.6956825467980952 0.6956825467980949
vn 0.17902957342582437 -0.6956825467980952 0.6956825467980949
vn 0.17902957342582437 -0.6956825467980952 0.6956825467980949
vn 0.17902957342582437 -0.6956825467980952 0.6956825467980949
vn 0.17902957342582437 -0.6956825467980952 0.6956825467980949
vn 0.17902957342582437 -0.6956825467980952 0.6956825467980949
vn 0.17902957342582437 -0.6956825467980952 0.6956825467980949
vn 0.17902957342582437 -0.6956825467980952 0.6956825467980949
vn 0.17902957342582437 -0.6956825467980952 0.6956825467980949
vn 0.17902957342582437 -0.6956825467980952 0.6956825467980949
vn 0.17902957342582437 -0.6956825467980952 0.6956825467980949
vn 0.17902957342582437 -0.6956825467980952 0.6956825467980949
vn 0.17902957342582437 -0.6956825467980952 0.6956825467980949
vn 0.17902957342582437 -0.6956825467980952 0.6956825467980949
vn 0.17902957342582437 -0.6956825467980952 0.6956825467980949
vn 0.17902957342582437 -0.6956825467980952 0.6956825467980949
vn 0.17902957342582437 -0.6956825467980952 0.6956825467980949
vn 0.17902957342582437 -0.6956825467980952 0.6956825467980949
vn 0.17902957342582437 -0.6956825467980952 0.6956825467980949
vn 0.17902957342582437 -0.6956825467980952 0.6956825467980949
vn 0.17902957342582437 -0.6956825467980952 0.6956825467980949
vn 0.17902957342582437 -0.6956825467980952 0.6956825467980949
vn 0.17902957342582437 -0.6956825467980952 0.6956825467980949
vn 0.17902957342582437 -0.6956825467980952 0.6956825467980949
vn 0.17902957342582437 -0.6956825467980952 0.6956825467980949
vn 0.17902957342582437 -0.6956825467980952 0.6956825467980949
vn 0.17902957342582437 -0.6956825467980952 0.6956825467980949
vn 0.17902957342582437 -0.6956825467980952 0.6956825467980949
vn 0.17902957342582437 -0.6956825467980952 0.6956825467980949
vn 0.17902957342582437 -0.6956825467980952 0.6956825467980949
vn 0.17902957342582437 -0.6956825467980952 0.6956825467980949
vn 0.17902957342582437 -0.6956825467980952 0.6956825467980949
vn 0.17902957342582437 -0.6956825467980952 0.6956825467980949
vn 0.17902957342582437 -0.6956825467980952 0.6956825467980949
vn 0.17902957342582437 -0.6956825467980952 0.6956825467980949
vn 0.17902957342582437 -0.6956825467980952 0.6956825467980949
vn 0.17902957342582437 -0.6956825467980952 0.6956825467980949
vn 0.17902957342582437 -0.6956825467980952 0.6956825467980949
vn 0.17902957342582437 -0.6956825467980952 0.6956825467980949
vn 0.17902957342582437 -0.6956825467980952 0.6956825467980949
vn 0.17902957342582437 -0.6956825467980952 0.6956825467980949
vn 0.17902957342582437 -0.6956825467980952 0.6956825467980949
vn -0.4919218463940608 -0.675668948396962 -0.5490759229946269
vn -0.3765006906310289 -0.7017265343298064 -0.6048364249711136
vn -0.2546374831062875 -0.7157773879707494 -0.6502480165806478
vn -0.1284173660010768 -0.7175810900485279 -0.684533680189742
vn 7.64624838717968e-9 -0.7071067802026901 -0.7071067821704047
vn 0.1284173841043491 -0.684533676147408 -0.7175810906649587
vn 0.25463748509755924 -0.6502480159409477 -0.7157773878434909
vn 0.37650066901771173 -0.604836434186489 -0.7017265379831292
vn 0.4919218397722152 -0.5490759265944228 -0.6756689502926674
vn 0.5989260883753091 -0.4839205784490901 -0.6380504795209776
vn 0.6956825453403828 -0.4104852145223395 -0.5895147875730306
vn 0.7805356861681166 -0.3300263284431034 -0.5308923291519969
vn 0.8520336313076061 -0.24392061465292275 -0.4631861665336249
vn 0.9089530470785199 -0.15364135217445682 -0.387554761432083
vn 0.9503200324292141 -0.06073322772821728 -0.3052921731938928
vn 0.9754267742625855 0.03321405252724693 -0.21780595668255787
vn 0.9838436927881213 0.12659303089783636 -0.12659301990683386
vn 0.9754267718792444 0.21780596938704797 -0.033214039209418685
vn 0.9503200318956544 0.3052921745564029 0.060733229228035784
vn 0.9089530560310488 0.3875547470501284 0.15364133548862485
vn 0.8520336351307304 0.46318616226630965 0.24392060940175064
vn 0.7805356830423698 0.530892331677539 0.33002633177303753
vn 0.6956825482558074 0.5895147858527935 0.4104852120518365
vn 0.5989260843017566 0.638050481243358 0.4839205812197745
vn 0.491921846394061 0.6756689483969619 0.5490759229946272
vn 0.3765006906310289 0.7017265343298061 0.6048364249711139
vn 0.25463748310628753 0.7157773879707491 0.650248016580648
vn 0.12841736600107684 0.7175810900485275 0.6845336801897423
vn -7.646248343330079e-9 0.7071067802026899 0.7071067821704049
vn -0.12841738410434908 0.6845336761474077 0.7175810906649589
vn -0.2546374850975591 0.6502480159409475 0.7157773878434911
vn -0.37650066901771173 0.6048364341864888 0.7017265379831296
vn -0.49192183977221515 0.5490759265944226 0.6756689502926675
vn -0.598926088375309 0.48392057844908987 0.6380504795209777
vn -0.6956825453403825 0.41048521452233927 0.5895147875730307
vn -0.7805356861681166 0.33002632844310326 0.530892329151997
vn -0.8520336313076059 0.24392061465292264 0.4631861665336251
vn -0.9089530470785199 0.15364135217445662 0.3875547614320832
vn -0.9503200324292141 0.060733227728217105 0.3052921731938929
vn -0.9754267742625855 -0.033214052527247094 0.21780595668255806
vn -0.9838436927881213 -0.12659303089783652 0.12659301990683403
vn -0.9754267718792443 -0.21780596938704813 0.03321403920941885
vn -0.9503200318956544 -0.305292174556403 -0.06073322922803561
vn -0.9089530560310488 -0.3875547470501285 -0.15364133548862466
vn -0.8520336351307304 -0.46318616226630976 -0.24392060940175045
vn -0.7805356830423698 -0.5308923316775391 -0.3300263317730374
vn -0.6956825482558074 -0.5895147858527937 -0.41048521205183636
vn -0.5989260843017565 -0.6380504812433582 -0.48392058121977427
vn -0.491921846394061 -0.675668948396962 -0.5490759229946268
vn -0.17902957342582437 0.6956825467980952 -0.6956825467980949
vn -0.17902957342582437 0.6956825467980952 -0.6956825467980949
vn -0.17902957342582437 0.6956825467980952 -0.6956825467980949
vn -0.17902957342582437 0.6956825467980952 -0.6956825467980949
vn -0.17902957342582437 0.6956825467980952 -0.6956825467980949
vn -0.17902957342582437 0.6956825467980952 -0.6956825467980949
vn -0.17902957342582437 0.6956825467980952 -0.6956825467980949
vn -0.17902957342582437 0.6956825467980952 -0.6956825467980949
vn -0.17902957342582437 0.6956825467980952 -0.6956825467980949
vn -0.17902957342582437 0.6956825467980952 -0.6956825467980949
vn -0.17902957342582437 0.6956825467980952 -0.6956825467980949
vn -0.17902957342582437 0.6956825467980952 -0.6956825467980949
vn -0.17902957342582437 0.6956825467980952 -0.6956825467980949
vn -0.17902957342582437 0.6956825467980952 -0.6956825467980949
vn -0.17902957342582437 0.6956825467980952 -0.6956825467980949
vn -0.17902957342582437 0.6956825467980952 -0.6956825467980949
vn -0.17902957342582437 0.6956825467980952 -0.6956825467980949
vn -0.17902957342582437 0.6956825467980952 -0.6956825467980949
vn -0.17902957342582437 0.6956825467980952 -0.6956825467980949
vn -0.17902957342582437 0.6956825467980952 -0.6956825467980949
vn -0.17902957342582437 0.6956825467980952 -0.6956825467980949
vn -0.17902957342582437 0.6956825467980952 -0.6956825467980949
vn -0.17902957342582437 0.6956825467980952 -0.6956825467980949
vn -0.17902957342582437 0.6956825467980952 -0.6956825467980949
vn -0.17902957342582437 0.6956825467980952 -0.6956825467980949
vn -0.17902957342582437 0.6956825467980952 -0.6956825467980949
vn -0.17902957342582437 0.6956825467980952 -0.6956825467980949
vn -0.17902957342582437 0.6956825467980952 -0.6956825467980949
vn -0.17902957342582437 0.6956825467980952 -0.6956825467980949
vn -0.17902957342582437 0.6956825467980952 -0.6956825467980949
vn -0.17902957342582437 0.6956825467980952 -0.6956825467980949
vn -0.17902957342582437 0.6956825467980952 -0.6956825467980949
vn -0.17902957342582437 0.6956825467980952 -0.6956825467980949
vn -0.17902957342582437 0.6956825467980952 -0.6956825467980949
vn -0.17902957342582437 0.6956825467980952 -0.6956825467980949
vn -0.17902957342582437 0.6956825467980952 -0.6956825467980949
vn -0.17902957342582437 0.6956825467980952 -0.6956825467980949
vn -0.17902957342582437 0.6956825467980952 -0.6956825467980949
vn -0.17902957342582437 0.6956825467980952 -0.6956825467980949
vn -0.17902957342582437 0.6956825467980952 -0.6956825467980949
vn -0.17902957342582437 0.6956825467980952 -0.6956825467980949
vn -0.17902957342582437 0.6956825467980952 -0.6956825467980949
vn -0.17902957342582437 0.6956825467980952 -0.6956825467980949
vn -0.17902957342582437 0.6956825467980952 -0.6956825467980949
vn -0.17902957342582437 0.6956825467980952 -0.6956825467980949
vn -0.17902957342582437 0.6956825467980952 -0.6956825467980949
vn -0.17902957342582437 0.6956825467980952 -0.6956825467980949
vn -0.17902957342582437 0.6956825467980952 -0.6956825467980949
vn -0.17902957342582437 0.6956825467980952 -0.6956825467980949
vn 0.49192184639406084 0.6756689483969621 0.5490759229946269
vn 0.37650069063102887 0.7017265343298064 0.6048364249711136
vn 0.2546374831062875 0.7157773879707494 0.6502480165806478
vn 0.12841736600107675 0.7175810900485279 0.684533680189742
vn -7.646248409104482e-9 0.7071067802026901 0.7071067821704047
vn -0.12841738410434914 0.684533676147408 0.7175810906649587
vn -0.25463748509755924 0.6502480159409477 0.7157773878434909
vn -0.3765006690177118 0.604836434186489 0.7017265379831292
vn -0.4919218397722152 0.5490759265944228 0.6756689502926673
vn -0.5989260883753091 0.4839205784490902 0.6380504795209776
vn -0.6956825453403825 0.4104852145223395 0.5895147875730304
vn -0.7805356861681166 0.33002632844310353 0.5308923291519968
vn -0.8520336313076061 0.2439206146529228 0.46318616653362477
vn -0.9089530470785199 0.15364135217445687 0.3875547614320829
vn -0.9503200324292141 0.060733227728217355 0.3052921731938927
vn -0.9754267742625855 -0.03321405252724684 0.21780595668255778
vn -0.9838436927881213 -0.12659303089783627 0.12659301990683378
vn -0.9754267718792444 -0.2178059693870479 0.0332140392094186
vn -0.9503200318956544 -0.30529217455640273 -0.06073322922803587
vn -0.9089530560310488 -0.38755474705012827 -0.1536413354886249
vn -0.8520336351307304 -0.46318616226630954 -0.24392060940175073
vn -0.7805356830423698 -0.5308923316775389 -0.33002633177303764
vn -0.6956825482558074 -0.5895147858527935 -0.41048521205183663
vn -0.5989260843017565 -0.6380504812433578 -0.48392058121977455
vn -0.491921846394061 -0.6756689483969618 -0.5490759229946272
vn -0.3765006906310289 -0.7017265343298059 -0.6048364249711138
vn -0.25463748310628753 -0.7157773879707491 -0.650248016580648
vn -0.12841736600107687 -0.7175810900485275 -0.6845336801897423
vn 7.64624832140528e-9 -0.7071067802026899 -0.7071067821704049
vn 0.12841738410434905 -0.6845336761474077 -0.7175810906649589
vn 0.2546374850975591 -0.6502480159409475 -0.7157773878434911
vn 0.3765006690177117 -0.6048364341864888 -0.7017265379831296
vn 0.49192183977221515 -0.5490759265944225 -0.6756689502926676
vn 0.5989260883753091 -0.4839205784490898 -0.6380504795209778
vn 0.6956825453403825 -0.41048521452233916 -0.5895147875730307
vn 0.7805356861681166 -0.33002632844310315 -0.5308923291519971
vn 0.8520336313076059 -0.24392061465292258 -0.4631861665336252
vn 0.9089530470785196 -0.1536413521744565 -0.38755476143208323
vn 0.9503200324292139 -0.06073322772821701 -0.30529217319389296
vn 0.9754267742625855 0.033214052527247184 -0.21780595668255812
vn 0.9838436927881213 0.1265930308978366 -0.1265930199068341
vn 0.9754267718792443 0.2178059693870482 -0.033214039209418934
vn 0.9503200318956542 0.30529217455640306 0.06073322922803552
vn 0.9089530560310486 0.38755474705012855 0.15364133548862458
vn 0.8520336351307304 0.4631861622663099 0.2439206094017504
vn 0.7805356830423698 0.5308923316775394 0.33002633177303725
vn 0.6956825482558074 0.5895147858527937 0.41048521205183625
vn 0.5989260843017566 0.6380504812433583 0.48392058121977427
vn 0.49192184639406095 0.675668948396962 0.5490759229946267
f 894/894/894 845/845/845 895/895/895
f 845/845/845 846/846/846 895/895/895
f 895/895/895 846/846/846 896/896/896
f 846/846/846 847/847/847 896/896/896
f 896/896/896 847/847/847 897/897/897
f 847/847/847 848/848/848 897/897/897
f 897/897/897 848/848/848 898/898/898
f 848/848/848 849/849/849 898/898/898
f 898/898/898 849/849/849 899/899/899
f 849/849/849 850/850/850 899/899/899
f 899/899/899 850/850/850 900/900/900
f 850/850/850 851/851/851 900/900/900
f 900/900/900 851/851/851 901/901/901
f 851/851/851 852/852/852 901/901/901
f 901/901/901 852/852/852 902/902/902
f 852/852/852 853/853/853 902/902/902
f 902/902/902 853/853/853 903/903/903
f 853/853/853 854/854/854 903/903/903
f 903/903/903 854/854/854 904/904/904
f 854/854/854 855/855/855 904/904/904
f 904/904/904 855/855/855 905/905/905
f 855/855/855 856/856/856 905/905/905
f 905/905/905 856/856/856 906/906/906
f 856/856/856 857/857/857 906/906/906
f 906/906/906 857/857/857 907/907/907
f 857/857/857 858/858/858 907/907/907
f 907/907/907 858/858/858 908/908/908
f 858/858/858 859/859/859 908/908/908
f 908/908/908 859/859/859 909/909/909
f 859/859/859 860/860/860 909/909/909
f 909/909/909 860/860/860 910/910/910
f 860/860/860 861/861/861 910/910/910
f 910/910/910 861/861/861 911/911/911
f 861/861/861 862/862/862 911/911/911
f 911/911/911 862/862/862 912/912/912
f 862/862/862 863/863/863 912/912/912
f 912/912/912 863/863/863 913/913/913
f 863/863/863 864/864/864 913/913/913
f 913/913/913 864/864/864 914/914/914
f 864/864/864 865/865/865 914/914/914
f 914/914/914 865/865/865 915/915/915
f 865/865/865 866/866/866 915/915/915
f 915/915/915 866/866/866 916/916/916
f 866/866/866 867/867/867 916/916/916
f 916/916/916 867/867/867 917/917/917
f 867/867/867 868/868/868 917/917/917
f 917/917/917 868/868/868 918/918/918
f 868/868/868 869/869/869 918/918/918
f 918/918/918 869/869/869 919/919/919
f 869/869/869 870/870/870 919/919/919
f 919/919/919 870/870/870 920/920/920
f 870/870/870 871/871/871 920/920/920
f 920/920/920 871/871/871 921/921/921
f 871/871/871 872/872/872 921/921/921
f 921/921/921 872/872/872 922/922/922
f 872/872/872 873/873/873 922/922/922
f 922/922/922 873/873/873 923/923/923
f 873/873/873 874/874/874 923/923/923
f 923/923/923 874/874/874 924/924/924
f 874/874/874 875/875/875 924/924/924
f 924/924/924 875/875/875 925/925/925
f 875/875/875 876/876/876 925/925/925
f 925/925/925 876/876/876 926/926/926
f 876/876/876 877/877/877 926/926/926
f 926/926/926 877/877/877 927/927/927
f 877/877/877 878/878/878 927/927/927
f 927/927/927 878/878/878 928/928/928
f 878/878/878 879/879/879 928/928/928
f 928/928/928 879/879/879 929/929/929
f 879/879/879 880/880/880 929/929/929
f 929/929/929 880/880/880 930/930/930
f 880/880/880 881/881/881 930/930/930
f 930/930/930 881/881/881 931/931/931
f 881/881/881 882/882/882 931/931/931
f 931/931/931 882/882/882 932/932/932
f 882/882/882 883/883/883 932/932/932
f 932/932/932 883/883/883 933/933/933
f 883/883/883 884/884/884 933/933/933
f 933/933/933 884/884/884 934/934/934
f 884/884/884 885/885/885 934/934/934
f 934/934/934 885/885/885 935/935/935
f 885/885/885 886/886/886 935/935/935
f 935/935/935 886/886/886 936/936/936
f 886/886/886 887/887/887 936/936/936
f 936/936/936 887/887/887 937/937/937
f 887/887/887 888/888/888 937/937/937
f 937/937/937 888/888/888 938/938/938
f 888/888/888 889/889/889 938/938/938
f 938/938/938 889/889/889 939/939/939
f 889/889/889 890/890/890 939/939/939
f 939/939/939 890/890/890 940/940/940
f 890/890/890 891/891/891 940/940/940
f 940/940/940 891/891/891 941/941/941
f 891/891/891 892/892/892 941/941/941
f 941/941/941 892/892/892 942/942/942
f 892/892/892 893/893/893 942/942/942
f 943/943/943 894/894/894 944/944/944
f 894/894/894 895/895/895 944/944/944
f 944/944/944 895/895/895 945/945/945
f 895/895/895 896/896/896 945/945/945
f 945/945/945 896/896/896 946/946/946
f 896/896/896 897/897/897 946/946/946
f 946/946/946 897/897/897 947/947/947
f 897/897/897 898/898/898 947/947/947
f 947/947/947 898/898/898 948/948/948
f 898/898/898 899/899/899 948/948/948
f 948/948/948 899/899/899 949/949/949
f 899/899/899 900/900/900 949/949/949
f 949/949/949 900/900/900 950/950/950
f 900/900/900 901/901/901 950/950/950
f 950/950/950 901/901/901 951/951/951
f 901/901/901 902/902/902 951/951/951
f 951/951/951 902/902/902 952/952/952
f 902/902/902 903/903/903 952/952/952
f 952/952/952 903/903/903 953/953/953
f 903/903/903 904/904/904 953/953/953
f 953/953/953 904/904/904 954/954/954
f 904/904/904 905/905/905 954/954/954
f 954/954/954 905/905/905 955/955/955
f 905/905/905 906/906/906 955/955/955
f 955/955/955 906/906/906 956/956/956
f 906/906/906 907/907/907 956/956/956
f 956/956/956 907/907/907 957/957/957
f 907/907/907 908/908/908 957/957/957
f 957/957/957 908/908/908 958/958/958
f 908/908/908 909/909/909 958/958/958
f 958/958/958 909/909/909 959/959/959
f 909/909/909 910/910/910 959/959/959
f 959/959/959 910/910/910 960/960/960
f 910/910/910 911/911/911 960/960/960
f 960/960/960 911/911/911 961/961/961
f 911/911/911 912/912/912 961/961/961
f 961/961/961 912/912/912 962/962/962
f 912/912/912 913/913/913 962/962/962
f 962/962/962 913/913/913 963/963/963
f 913/913/913 914/914/914 963/963/963
f 963/963/963 914/914/914 964/964/964
f 914/914/914 915/915/915 964/964/964
f 964/964/964 915/915/915 965/965/965
f 915/915/915 916/916/916 965/965/965
f 965/965/965 916/916/916 966/966/966
f 916/916/916 917/917/917 966/966/966
f 966/966/966 917/917/917 967/967/967
f 917/917/917 918/918/918 967/967/967
f 967/967/967 918/918/918 968/968/968
f 918/918/918 919/919/919 968/968/968
f 968/968/968 919/919/919 969/969/969
f 919/919/919 920/920/920 969/969/969
f 969/969/969 920/920/920 970/970/970
f 920/920/920 921/921/921 970/970/970
f 970/970/970 921/921/921 971/971/971
f 921/921/921 922/922/922 971/971/971
f 971/971/971 922/922/922 972/972/972
f 922/922/922 923/923/923 972/972/972
f 972/972/972 923/923/923 973/973/973
f 923/923/923 924/924/924 973/973/973
f 973/973/973 924/924/924 974/974/974
f 924/924/924 925/925/925 974/974/974
f 974/974/974 925/925/925 975/975/975
f 925/925/925 926/926/926 975/975/975
f 975/975/975 926/926/926 976/976/976
f 926/926/926 927/927/927 976/976/976
f 976/976/976 927/927/927 977/977/977
f 927/927/927 928/928/928 977/977/977
f 977/977/977 928/928/928 978/978/978
f 928/928/928 929/929/929 978/978/978
f 978/978/978 929/929/929 979/979/979
f 929/929/929 930/930/930 979/979/979
f 979/979/979 930/930/930 980/980/980
f 930/930/930 931/931/931 980/980/980
f 980/980/980 931/931/931 981/981/981
f 931/931/931 932/932/932 981/981/981
f 981/981/981 932/932/932 982/982/982
f 932/932/932 933/933/933 982/982/982
f 982/982/982 933/933/933 983/983/983
f 933/933/933 934/934/934 983/983/983
f 983/983/983 934/934/934 984/984/984
f 934/934/934 935/935/935 984/984/984
f 984/984/984 935/935/935 985/985/985
f 935/935/935 936/936/936 985/985/985
f 985/985/985 936/936/936 986/986/986
f 936/936/936 937/937/937 986/986/986
f 986/986/986 937/937/937 987/987/987
f 937/937/937 938/938/938 987/987/987
f 987/987/987 938/938/938 988/988/988
f 938/938/938 939/939/939 988/988/988
f 988/988/988 939/939/939 989/989/989
f 939/939/939 940/940/940 989/989/989
f 989/989/989 940/940/940 990/990/990
f 940/940/940 941/941/941 990/990/990
f 990/990/990 941/941/941 991/991/991
f 941/941/941 942/942/942 991/991/991
f 992/992/992 943/943/943 993/993/993
f 943/943/943 944/944/944 993/993/993
f 993/993/993 944/944/944 994/994/994
f 944/944/944 945/945/945 994/994/994
f 994/994/994 945/945/945 995/995/995
f 945/945/945 946/946/946 995/995/995
f 995/995/995 946/946/946 996/996/996
f 946/946/946 947/947/947 996/996/996
f 996/996/996 947/947/947 997/997/997
f 947/947/947 948/948/948 997/997/997
f 997/997/997 948/948/948 998/998/998
f 948/948/948 949/949/949 998/998/998
f 998/998/998 949/949/949 999/999/999
f 949/949/949 950/950/950 999/999/999
f 999/999/999 950/950/950 1000/1000/1000
f 950/950/950 951/951/951 1000/1000/1000
f 1000/1000/1000 951/951/951 1001/1001/1001
f 951/951/951 952/952/952 1001/1001/1001
f 1001/1001/1001 952/952/952 1002/1002/1002
f 952/952/952 953/953/953 1002/1002/1002
f 1002/1002/1002 953/953/953 1003/1003/1003
f 953/953/953 954/954/954 1003/1003/1003
f 1003/1003/1003 954/954/954 1004/1004/1004
f 954/954/954 955/955/955 1004/1004/1004
f 1004/1004/1004 955/955/955 1005/1005/1005
f 955/955/955 956/956/956 1005/1005/1005
f 1005/1005/1005 956/956/956 1006/1006/1006
f 956/956/956 957/957/957 1006/1006/1006
f 1006/1006/1006 957/957/957 1007/1007/1007
f 957/957/957 958/958/958 1007/1007/1007
f 1007/1007/1007 958/958/958 1008/1008/1008
f 958/958/958 959/959/959 1008/1008/1008
f 1008/1008/1008 959/959/959 1009/1009/1009
f 959/959/959 960/960/960 1009/1009/1009
f 1009/1009/1009 960/960/960 1010/1010/1010
f 960/960/960 961/961/961 1010/1010/1010
f 1010/1010/1010 961/961/961 1011/1011/1011
f 961/961/961 962/962/962 1011/1011/1011
f 1011/1011/1011 962/962/962 1012/1012/1012
f 962/962/962 963/963/963 1012/1012/1012
f 1012/1012/1012 963/963/963 1013/1013/1013
f 963/963/963 964/964/964 1013/1013/1013
f 1013/1013/1013 964/964/964 1014/1014/1014
f 964/964/964 965/965/965 1014/1014/1014
f 1014/1014/1014 965/965/965 1015/1015/1015
f 965/965/965 966/966/966 1015/1015/1015
f 1015/1015/1015 966/966/966 1016/1016/1016
f 966/966/966 967/967/967 1016/1016/1016
f 1016/1016/1016 967/967/967 1017/1017/1017
f 967/967/967 968/968/968 1017/1017/1017
f 1017/1017/1017 968/968/968 1018/1018/1018
f 968/968/968 969/969/969 1018/1018/1018
f 1018/1018/1018 969/969/969 1019/1019/1019
f 969/969/969 970/970/970 1019/1019/1019
f 1019/1019/1019 970/970/970 1020/1020/1020
f 970/970/970 971/971/971 1020/1020/1020
f 1020/1020/1020 971/971/971 1021/1021/1021
f 971/971/971 972/972/972 1021/1021/1021
f 1021/1021/1021 972/972/972 1022/1022/1022
f 972/972/972 973/973/973 1022/1022/1022
f 1022/1022/1022 973/973/973 1023/1023/1023
f 973/973/973 974/974/974 1023/1023/1023
f 1023/1023/1023 974/974/974 1024/1024/1024
f 974/974/974 975/975/975 1024/1024/1024
f 1024/1024/1024 975/975/975 1025/1025/1025
f 975/975/975 976/976/976 1025/1025/1025
f 1025/1025/1025 976/976/976 1026/1026/1026
f 976/976/976 977/977/977 1026/1026/1026
f 1026/1026/1026 977/977/977 1027/1027/1027
f 977/977/977 978/978/978 1027/1027/1027
f 1027/1027/1027 978/978/978 1028/1028/1028
f 978/978/978 979/979/979 1028/1028/1028
f 1028/1028/1028 979/979/979 1029/1029/1029
f 979/979/979 980/980/980 1029/1029/1029
f 1029/1029/1029 980/980/980 1030/1030/1030
f 980/980/980 981/981/981 1030/1030/1030
f 1030/1030/1030 981/981/981 1031/1031/1031
f 981/981/981 982/982/982 1031/1031/1031
f 1031/1031/1031 982/982/982 1032/1032/1032
f 982/982/982 983/983/983 1032/1032/1032
f 1032/1032/1032 983/983/983 1033/1033/1033
f 983/983/983 984/984/984 1033/1033/1033
f 1033/1033/1033 984/984/984 1034/1034/1034
f 984/984/984 985/985/985 1034/1034/1034
f 1034/1034/1034 985/985/985 1035/1035/1035
f 985/985/985 986/986/986 1035/1035/1035
f 1035/1035/1035 986/986/986 1036/1036/1036
f 986/986/986 987/987/987 1036/1036/1036
f 1036/1036/1036 987/987/987 1037/1037/1037
f 987/987/987 988/988/988 1037/1037/1037
f 1037/1037/1037 988/988/988 1038/1038/1038
f 988/988/988 989/989/989 1038/1038/1038
f 1038/1038/1038 989/989/989 1039/1039/1039
f 989/989/989 990/990/990 1039/1039/1039
f 1039/1039/1039 990/990/990 1040/1040/1040
f 990/990/990 991/991/991 1040/1040/1040
f 1041/1041/1041 992/992/992 1042/1042/1042
f 992/992/992 993/993/993 1042/1042/1042
f 1042/1042/1042 993/993/993 1043/1043/1043
f 993/993/993 994/994/994 1043/1043/1043
f 1043/1043/1043 994/994/994 1044/1044/1044
f 994/994/994 995/995/995 1044/1044/1044
f 1044/1044/1044 995/995/995 1045/1045/1045
f 995/995/995 996/996/996 1045/1045/1045
f 1045/1045/1045 996/996/996 1046/1046/1046
f 996/996/996 997/997/997 1046/1046/1046
f 1046/1046/1046 997/997/997 1047/1047/1047
f 997/997/997 998/998/998 1047/1047/1047
f 1047/1047/1047 998/998/998 1048/1048/1048
f 998/998/998 999/999/999 1048/1048/1048
f 1048/1048/1048 999/999/999 1049/1049/1049
f 999/999/999 1000/1000/1000 1049/1049/1049
f 1049/1049/1049 1000/1000/1000 1050/1050/1050
f 1000/1000/1000 1001/1001/1001 1050/1050/1050
f 1050/1050/1050 1001/1001/1001 1051/1051/1051
f 1001/1001/1001 1002/1002/1002 1051/1051/1051
f 1051/1051/1051 1002/1002/1002 1052/1052/1052
f 1002/1002/1002 1003/1003/1003 1052/1052/1052
f 1052/1052/1052 1003/1003/1003 1053/1053/1053
f 1003/1003/1003 1004/1004/1004 1053/1053/1053
f 1053/1053/1053 1004/1004/1004 1054/1054/1054
f 1004/1004/1004 1005/1005/1005 1054/1054/1054
f 1054/1054/1054 1005/1005/1005 1055/1055/1055
f 1005/1005/1005 1006/1006/1006 1055/1055/1055
f 1055/1055/1055 1006/1006/1006 1056/1056/1056
f 1006/1006/1006 1007/1007/1007 1056/1056/1056
f 1056/1056/1056 1007/1007/1007 1057/1057/1057
f 1007/1007/1007 1008/1008/1008 1057/1057/1057
f 1057/1057/1057 1008/1008/1008 1058/1058/1058
f 1008/1008/1008 1009/1009/1009 1058/1058/1058
f 1058/1058/1058 1009/1009/1009 1059/1059/1059
f 1009/1009/1009 1010/1010/1010 1059/1059/1059
f 1059/1059/1059 1010/1010/1010 1060/1060/1060
f 1010/1010/1010 1011/1011/1011 1060/1060/1060
f 1060/1060/1060 1011/1011/1011 1061/1061/1061
f 1011/1011/1011 1012/1012/1012 1061/1061/1061
f 1061/1061/1061 1012/1012/1012 1062/1062/1062
f 1012/1012/1012 1013/1013/1013 1062/1062/1062
f 1062/1062/1062 1013/1013/1013 1063/1063/1063
f 1013/1013/1013 1014/1014/1014 1063/1063/1063
f 1063/1063/1063 1014/1014/1014 1064/1064/1064
f 1014/1014/1014 1015/1015/1015 1064/1064/1064
f 1064/1064/1064 1015/1015/1015 1065/1065/1065
f 1015/1015/1015 1016/1016/1016 1065/1065/1065
f 1065/1065/1065 1016/1016/1016 1066/1066/1066
f 1016/1016/1016 1017/1017/1017 1066/1066/1066
f 1066/1066/1066 1017/1017/1017 1067/1067/1067
f 1017/1017/1017 1018/1018/1018 1067/1067/1067
f 1067/1067/1067 1018/1018/1018 1068/1068/1068
f 1018/1018/1018 1019/1019/1019 1068/1068/1068
f 1068/1068/1068 1019/1019/1019 1069/1069/1069
f 1019/1019/1019 1020/1020/1020 1069/1069/1069
f 1069/1069/1069 1020/1020/1020 1070/1070/1070
f 1020/1020/1020 1021/1021/1021 1070/1070/1070
f 1070/1070/1070 1021/1021/1021 1071/1071/1071
f 1021/1021/1021 1022/1022/1022 1071/1071/1071
f 1071/1071/1071 1022/1022/1022 1072/1072/1072
f 1022/1022/1022 1023/1023/1023 1072/1072/1072
f 1072/1072/1072 1023/1023/1023 1073/1073/1073
f 1023/1023/1023 1024/1024/1024 1073/1073/1073
f 1073/1073/1073 1024/1024/1024 1074/1074/1074
f 1024/1024/1024 1025/1025/1025 1074/1074/1074
f 1074/1074/1074 1025/1025/1025 1075/1075/1075
f 1025/1025/1025 1026/1026/1026 1075/1075/1075
f 1075/1075/1075 1026/1026/1026 1076/1076/1076
f 1026/1026/1026 1027/1027/1027 1076/1076/1076
f 1076/1076/1076 1027/1027/1027 1077/1077/1077
f 1027/1027/1027 1028/1028/1028 1077/1077/1077
f 1077/1077/1077 1028/1028/1028 1078/1078/1078
f 1028/1028/1028 1029/1029/1029 1078/1078/1078
f 1078/1078/1078 1029/1029/1029 1079/1079/1079
f 1029/1029/1029 1030/1030/1030 1079/1079/1079
f 1079/1079/1079 1030/1030/1030 1080/1080/1080
f 1030/1030/1030 1031/1031/1031 1080/1080/1080
f 1080/1080/1080 1031/1031/1031 1081/1081/1081
f 1031/1031/1031 1032/1032/1032 1081/1081/1081
f 1081/1081/1081 1032/1032/1032 1082/1082/1082
f 1032/1032/1032 1033/1033/1033 1082/1082/1082
f 1082/1082/1082 1033/1033/1033 1083/1083/1083
f 1033/1033/1033 1034/1034/1034 1083/1083/1083
f 1083/1083/1083 1034/1034/1034 1084/1084/1084
f 1034/1034/1034 1035/1035/1035 1084/1084/1084
f 1084/1084/1084 1035/1035/1035 1085/1085/1085
f 1035/1035/1035 1036/1036/1036 1085/1085/1085
f 1085/1085/1085 1036/1036/1036 1086/1086/1086
f 1036/1036/1036 1037/1037/1037 1086/1086/1086
f 1086/1086/1086 1037/1037/1037 1087/1087/1087
f 1037/1037/1037 1038/1038/1038 1087/1087/1087
f 1087/1087/1087 1038/1038/1038 1088/1088/1088
f 1038/1038/1038 1039/1039/1039 1088/1088/1088
f 1088/1088/1088 1039/1039/1039 1089/1089/1089
f 1039/1039/1039 1040/1040/1040 1089/1089/1089
o 
v 0 1.80550000205636 0.013800000119954347
v 0.011951150186359881 1.80550000205636 0.006900000059977173
v 0.011951150186359881 1.80550000205636 -0.006900000059977173
v 1.690012523391453e-18 1.80550000205636 -0.013800000119954347
v -0.011951150186359881 1.80550000205636 -0.006900000059977173
v -0.011951150186359881 1.80550000205636 0.006900000059977173
v -3.380025046782906e-18 1.80550000205636 0.013800000119954347
v 0 1.4144999979436397 0.013800000119954347
v 0.011951150186359881 1.4144999979436397 0.006900000059977173
v 0.011951150186359881 1.4144999979436397 -0.006900000059977173
v 1.690012523391453e-18 1.4144999979436397 -0.013800000119954347
v -0.011951150186359881 1.4144999979436397 -0.006900000059977173
v -0.011951150186359881 1.4144999979436397 0.006900000059977173
v -3.380025046782906e-18 1.4144999979436397 0.013800000119954347
v 0 1.80550000205636 0
v 0 1.80550000205636 0
v 0 1.80550000205636 0
v 0 1.80550000205636 0
v 0 1.80550000205636 0
v 0 1.80550000205636 0
v 0 1.80550000205636 0.013800000119954347
v 0.011951150186359881 1.80550000205636 0.006900000059977173
v 0.011951150186359881 1.80550000205636 -0.006900000059977173
v 1.690012523391453e-18 1.80550000205636 -0.013800000119954347
v -0.011951150186359881 1.80550000205636 -0.006900000059977173
v -0.011951150186359881 1.80550000205636 0.006900000059977173
v -3.380025046782906e-18 1.80550000205636 0.013800000119954347
v 0 1.4144999979436397 0
v 0 1.4144999979436397 0
v 0 1.4144999979436397 0
v 0 1.4144999979436397 0
v 0 1.4144999979436397 0
v 0 1.4144999979436397 0
v 0 1.4144999979436397 0.013800000119954347
v 0.011951150186359881 1.4144999979436397 0.006900000059977173
v 0.011951150186359881 1.4144999979436397 -0.006900000059977173
v 1.690012523391453e-18 1.4144999979436397 -0.013800000119954347
v -0.011951150186359881 1.4144999979436397 -0.006900000059977173
v -0.011951150186359881 1.4144999979436397 0.006900000059977173
v -3.380025046782906e-18 1.4144999979436397 0.013800000119954347
vt 0 1
vt 0.1666666716337204 1
vt 0.3333333432674408 1
vt 0.5 1
vt 0.6666666865348816 1
vt 0.8333333134651184 1
vt 1 1
vt 0 0
vt 0.1666666716337204 0
vt 0.3333333432674408 0
vt 0.5 0
vt 0.6666666865348816 0
vt 0.8333333134651184 0
vt 1 0
vt 0.5 0.5
vt 0.5 0.5
vt 0.5 0.5
vt 0.5 0.5
vt 0.5 0.5
vt 0.5 0.5
vt 1 0.5
vt 0.75 0.9330127239227295
vt 0.25 0.9330127239227295
vt 0 0.5
vt 0.25 0.0669872984290123
vt 0.75 0.0669872984290123
vt 1 0.5
vt 0.5 0.5
vt 0.5 0.5
vt 0.5 0.5
vt 0.5 0.5
vt 0.5 0.5
vt 0.5 0.5
vt 1 0.5
vt 0.75 0.0669872984290123
vt 0.25 0.0669872984290123
vt 0 0.5
vt 0.25 0.9330127239227295
vt 0.75 0.9330127239227295
vt 1 0.5
vn 0 0 1
vn 0.8660253998985326 0 0.5000000067305869
vn 0.8660253998985326 0 -0.5000000067305869
vn 1.2246468525851679e-16 0 -1
vn -0.8660253998985326 0 -0.5000000067305869
vn -0.8660253998985326 0 0.5000000067305869
vn -2.4492937051703357e-16 0 1
vn 0 0 1
vn 0.8660253998985326 0 0.5000000067305869
vn 0.8660253998985326 0 -0.5000000067305869
vn 1.2246468525851679e-16 0 -1
vn -0.8660253998985326 0 -0.5000000067305869
vn -0.8660253998985326 0 0.5000000067305869
vn -2.4492937051703357e-16 0 1
vn 0 1 0
vn 0 1 0
vn 0 1 0
vn 0 1 0
vn 0 1 0
vn 0 1 0
vn 0 1 0
vn 0 1 0
vn 0 1 0
vn 0 1 0
vn 0 1 0
vn 0 1 0
vn 0 1 0
vn 0 -1 0
vn 0 -1 0
vn 0 -1 0
vn 0 -1 0
vn 0 -1 0
vn 0 -1 0
vn 0 -1 0
vn 0 -1 0
vn 0 -1 0
vn 0 -1 0
vn 0 -1 0
vn 0 -1 0
vn 0 -1 0
f 1090/1090/1090 1097/1097/1097 1091/1091/1091
f 1097/1097/1097 1098/1098/1098 1091/1091/1091
f 1091/1091/1091 1098/1098/1098 1092/1092/1092
f 1098/1098/1098 1099/1099/1099 1092/1092/1092
f 1092/1092/1092 1099/1099/1099 1093/1093/1093
f 1099/1099/1099 1100/1100/1100 1093/1093/1093
f 1093/1093/1093 1100/1100/1100 1094/1094/1094
f 1100/1100/1100 1101/1101/1101 1094/1094/1094
f 1094/1094/1094 1101/1101/1101 1095/1095/1095
f 1101/1101/1101 1102/1102/1102 1095/1095/1095
f 1095/1095/1095 1102/1102/1102 1096/1096/1096
f 1102/1102/1102 1103/1103/1103 1096/1096/1096
f 1110/1110/1110 1111/1111/1111 1104/1104/1104
f 1111/1111/1111 1112/1112/1112 1105/1105/1105
f 1112/1112/1112 1113/1113/1113 1106/1106/1106
f 1113/1113/1113 1114/1114/1114 1107/1107/1107
f 1114/1114/1114 1115/1115/1115 1108/1108/1108
f 1115/1115/1115 1116/1116/1116 1109/1109/1109
f 1124/1124/1124 1123/1123/1123 1117/1117/1117
f 1125/1125/1125 1124/1124/1124 1118/1118/1118
f 1126/1126/1126 1125/1125/1125 1119/1119/1119
f 1127/1127/1127 1126/1126/1126 1120/1120/1120
f 1128/1128/1128 1127/1127/1127 1121/1121/1121
f 1129/1129/1129 1128/1128/1128 1122/1122/1122
o 
v 0.09085000418126582 1.7594999999999998 0
v 0.08640348501503467 1.7594999999999998 0.028074194770306347
v 0.0734991904348135 1.7594999999999998 0.0534002911299467
v 0.0534002911299467 1.7594999999999998 0.0734991904348135
v 0.028074194770306347 1.7594999999999998 0.08640348501503467
v 5.5629579093147344e-18 1.7594999999999998 0.09085000418126582
v -0.028074194770306347 1.7594999999999998 0.08640348501503467
v -0.0534002911299467 1.7594999999999998 0.0734991904348135
v -0.0734991904348135 1.7594999999999998 0.0534002911299467
v -0.08640348501503467 1.7594999999999998 0.028074194770306347
v -0.09085000418126582 1.7594999999999998 1.1125915818629469e-17
v -0.08640348501503467 1.7594999999999998 -0.028074194770306347
v -0.0734991904348135 1.7594999999999998 -0.0534002911299467
v -0.0534002911299467 1.7594999999999998 -0.0734991904348135
v -0.028074194770306347 1.7594999999999998 -0.08640348501503467
v -1.668887467920191e-17 1.7594999999999998 -0.09085000418126582
v 0.028074194770306347 1.7594999999999998 -0.08640348501503467
v 0.0534002911299467 1.7594999999999998 -0.0734991904348135
v 0.0734991904348135 1.7594999999999998 -0.0534002911299467
v 0.08640348501503467 1.7594999999999998 -0.028074194770306347
v 0.09085000418126582 1.7594999999999998 -2.2251831637258938e-17
v 0.0805000003427267 1.7491500004455445 2.2981615620432725e-18
v 0.07656004838645458 1.7491500004455445 0.024875866994261742
v 0.06512586716562509 1.7491500004455445 0.047316712141036985
v 0.047316712141036985 1.7491500004455445 0.06512586716562509
v 0.02487586699426174 1.7491500004455445 0.07656004838645458
v 4.92920339140376e-18 1.7491500004455445 0.0805000003427267
v -0.02487586699426174 1.7491500004455445 0.07656004838645458
v -0.047316712141036985 1.7491500004455445 0.06512586716562509
v -0.06512586716562509 1.7491500004455445 0.047316712141036985
v -0.07656004838645458 1.7491500004455445 0.024875866994261742
v -0.0805000003427267 1.7491500004455445 1.2156568344850792e-17
v -0.07656004838645458 1.7491500004455445 -0.024875866994261735
v -0.06512586716562509 1.7491500004455445 -0.047316712141036985
v -0.047316712141036985 1.7491500004455445 -0.06512586716562509
v -0.02487586699426174 1.7491500004455445 -0.07656004838645458
v -1.478761017421128e-17 1.7491500004455445 -0.0805000003427267
v 0.02487586699426174 1.7491500004455445 -0.07656004838645458
v 0.047316712141036985 1.7491500004455445 -0.06512586716562509
v 0.06512586716562509 1.7491500004455445 -0.047316712141036985
v 0.07656004838645458 1.7491500004455445 -0.024875866994261735
v 0.0805000003427267 1.7491500004455445 -1.7418652003571765e-17
v 0.07015000078827142 1.7594999999999998 2.814436223061078e-34
v 0.06671661604195833 1.7594999999999998 0.021677541360259053
v 0.056752543896436684 1.7594999999999998 0.041233137436211105
v 0.041233137436211105 1.7594999999999998 0.056752543896436684
v 0.021677541360259053 1.7594999999999998 0.06671661604195833
v 4.295448873492784e-18 1.7594999999999998 0.07015000078827142
v -0.021677541360259053 1.7594999999999998 0.06671661604195833
v -0.041233137436211105 1.7594999999999998 0.056752543896436684
v -0.056752543896436684 1.7594999999999998 0.041233137436211105
v -0.06671661604195833 1.7594999999999998 0.021677541360259053
v -0.07015000078827142 1.7594999999999998 8.590897746985569e-18
v -0.06671661604195833 1.7594999999999998 -0.021677541360259053
v -0.056752543896436684 1.7594999999999998 -0.041233137436211105
v -0.041233137436211105 1.7594999999999998 -0.056752543896436684
v -0.021677541360259053 1.7594999999999998 -0.06671661604195833
v -1.2886345669220647e-17 1.7594999999999998 -0.07015000078827142
v 0.021677541360259053 1.7594999999999998 -0.06671661604195833
v 0.041233137436211105 1.7594999999999998 -0.056752543896436684
v 0.056752543896436684 1.7594999999999998 -0.041233137436211105
v 0.06671661604195833 1.7594999999999998 -0.021677541360259053
v 0.07015000078827142 1.7594999999999998 -1.7181795493971137e-17
v 0.0805000003427267 1.7698499995544552 -2.2981615620432725e-18
v 0.07656004838645458 1.7698499995544552 0.024875866994261735
v 0.06512586716562509 1.7698499995544552 0.047316712141036985
v 0.047316712141036985 1.7698499995544552 0.06512586716562509
v 0.02487586699426174 1.7698499995544552 0.07656004838645458
v 4.92920339140376e-18 1.7698499995544552 0.0805000003427267
v -0.02487586699426174 1.7698499995544552 0.07656004838645458
v -0.047316712141036985 1.7698499995544552 0.06512586716562509
v -0.06512586716562509 1.7698499995544552 0.047316712141036985
v -0.07656004838645458 1.7698499995544552 0.024875866994261735
v -0.0805000003427267 1.7698499995544552 7.560245220764247e-18
v -0.07656004838645458 1.7698499995544552 -0.024875866994261742
v -0.06512586716562509 1.7698499995544552 -0.047316712141036985
v -0.047316712141036985 1.7698499995544552 -0.06512586716562509
v -0.02487586699426174 1.7698499995544552 -0.07656004838645458
v -1.478761017421128e-17 1.7698499995544552 -0.0805000003427267
v 0.02487586699426174 1.7698499995544552 -0.07656004838645458
v 0.047316712141036985 1.7698499995544552 -0.06512586716562509
v 0.06512586716562509 1.7698499995544552 -0.047316712141036985
v 0.07656004838645458 1.7698499995544552 -0.024875866994261742
v 0.0805000003427267 1.7698499995544552 -2.2014975127658313e-17
v 0.09085000418126582 1.7594999999999998 -5.628872446122156e-34
v 0.08640348501503467 1.7594999999999998 0.028074194770306347
v 0.0734991904348135 1.7594999999999998 0.0534002911299467
v 0.0534002911299467 1.7594999999999998 0.0734991904348135
v 0.028074194770306347 1.7594999999999998 0.08640348501503467
v 5.5629579093147344e-18 1.7594999999999998 0.09085000418126582
v -0.028074194770306347 1.7594999999999998 0.08640348501503467
v -0.0534002911299467 1.7594999999999998 0.0734991904348135
v -0.0734991904348135 1.7594999999999998 0.0534002911299467
v -0.08640348501503467 1.7594999999999998 0.028074194770306347
v -0.09085000418126582 1.7594999999999998 1.1125915818629469e-17
v -0.08640348501503467 1.7594999999999998 -0.028074194770306347
v -0.0734991904348135 1.7594999999999998 -0.0534002911299467
v -0.0534002911299467 1.7594999999999998 -0.0734991904348135
v -0.028074194770306347 1.7594999999999998 -0.08640348501503467
v -1.668887467920191e-17 1.7594999999999998 -0.09085000418126582
v 0.028074194770306347 1.7594999999999998 -0.08640348501503467
v 0.0534002911299467 1.7594999999999998 -0.0734991904348135
v 0.0734991904348135 1.7594999999999998 -0.0534002911299467
v 0.08640348501503467 1.7594999999999998 -0.028074194770306347
v 0.09085000418126582 1.7594999999999998 -2.2251831637258938e-17
vt 0 0
vt 0.05000000074505806 0
vt 0.10000000149011612 0
vt 0.15000000596046448 0
vt 0.20000000298023224 0
vt 0.25 0
vt 0.30000001192092896 0
vt 0.3499999940395355 0
vt 0.4000000059604645 0
vt 0.44999998807907104 0
vt 0.5 0
vt 0.550000011920929 0
vt 0.6000000238418579 0
vt 0.6499999761581421 0
vt 0.699999988079071 0
vt 0.75 0
vt 0.800000011920929 0
vt 0.8500000238418579 0
vt 0.8999999761581421 0
vt 0.949999988079071 0
vt 1 0
vt 0 0.25
vt 0.05000000074505806 0.25
vt 0.10000000149011612 0.25
vt 0.15000000596046448 0.25
vt 0.20000000298023224 0.25
vt 0.25 0.25
vt 0.30000001192092896 0.25
vt 0.3499999940395355 0.25
vt 0.4000000059604645 0.25
vt 0.44999998807907104 0.25
vt 0.5 0.25
vt 0.550000011920929 0.25
vt 0.6000000238418579 0.25
vt 0.6499999761581421 0.25
vt 0.699999988079071 0.25
vt 0.75 0.25
vt 0.800000011920929 0.25
vt 0.8500000238418579 0.25
vt 0.8999999761581421 0.25
vt 0.949999988079071 0.25
vt 1 0.25
vt 0 0.5
vt 0.05000000074505806 0.5
vt 0.10000000149011612 0.5
vt 0.15000000596046448 0.5
vt 0.20000000298023224 0.5
vt 0.25 0.5
vt 0.30000001192092896 0.5
vt 0.3499999940395355 0.5
vt 0.4000000059604645 0.5
vt 0.44999998807907104 0.5
vt 0.5 0.5
vt 0.550000011920929 0.5
vt 0.6000000238418579 0.5
vt 0.6499999761581421 0.5
vt 0.699999988079071 0.5
vt 0.75 0.5
vt 0.800000011920929 0.5
vt 0.8500000238418579 0.5
vt 0.8999999761581421 0.5
vt 0.949999988079071 0.5
vt 1 0.5
vt 0 0.75
vt 0.05000000074505806 0.75
vt 0.10000000149011612 0.75
vt 0.15000000596046448 0.75
vt 0.20000000298023224 0.75
vt 0.25 0.75
vt 0.30000001192092896 0.75
vt 0.3499999940395355 0.75
vt 0.4000000059604645 0.75
vt 0.44999998807907104 0.75
vt 0.5 0.75
vt 0.550000011920929 0.75
vt 0.6000000238418579 0.75
vt 0.6499999761581421 0.75
vt 0.699999988079071 0.75
vt 0.75 0.75
vt 0.800000011920929 0.75
vt 0.8500000238418579 0.75
vt 0.8999999761581421 0.75
vt 0.949999988079071 0.75
vt 1 0.75
vt 0 1
vt 0.05000000074505806 1
vt 0.10000000149011612 1
vt 0.15000000596046448 1
vt 0.20000000298023224 1
vt 0.25 1
vt 0.30000001192092896 1
vt 0.3499999940395355 1
vt 0.4000000059604645 1
vt 0.44999998807907104 1
vt 0.5 1
vt 0.550000011920929 1
vt 0.6000000238418579 1
vt 0.6499999761581421 1
vt 0.699999988079071 1
vt 0.75 1
vt 0.800000011920929 1
vt 0.8500000238418579 1
vt 0.8999999761581421 1
vt 0.949999988079071 1
vt 1 1
vn 1 0 0
vn 0.9510565161477913 6.861555653181068e-17 0.3090169948284818
vn 0.8090170011595983 1.3051454205252935e-16 0.5877852429542021
vn 0.5877852429542021 1.796378604001166e-16 0.8090170011595983
vn 0.3090169948284818 2.1117696838941298e-16 0.9510565161477913
vn 6.123234262925839e-17 2.220446049250313e-16 1
vn -0.3090169948284818 2.1117696838941298e-16 0.9510565161477913
vn -0.5877852429542021 1.796378604001166e-16 0.8090170011595983
vn -0.8090170011595983 1.3051454205252935e-16 0.5877852429542021
vn -0.9510565161477913 6.861555653181068e-17 0.3090169948284818
vn -1 2.7192622655495665e-32 1.2246468525851679e-16
vn -0.9510565161477913 -6.861555653181068e-17 -0.3090169948284818
vn -0.8090170011595983 -1.3051454205252935e-16 -0.5877852429542021
vn -0.5877852429542021 -1.796378604001166e-16 -0.8090170011595983
vn -0.3090169948284818 -2.1117696838941298e-16 -0.9510565161477913
vn -1.836970146528854e-16 -2.220446049250313e-16 -1
vn 0.3090169948284818 -2.1117696838941298e-16 -0.9510565161477913
vn 0.5877852429542021 -1.796378604001166e-16 -0.8090170011595983
vn 0.8090170011595983 -1.3051454205252935e-16 -0.5877852429542021
vn 0.9510565161477913 -6.861555653181068e-17 -0.3090169948284818
vn 1 -5.438524531099133e-32 -2.4492937051703357e-16
vn 0 -1 2.220446049250313e-16
vn 0 -1 2.220446049250313e-16
vn 0 -1 2.220446049250313e-16
vn 0 -1 2.220446049250313e-16
vn 0 -1 2.220446049250313e-16
vn 0 -1 2.220446049250313e-16
vn 0 -1 2.220446049250313e-16
vn 0 -1 2.220446049250313e-16
vn 0 -1 2.220446049250313e-16
vn 0 -1 2.220446049250313e-16
vn 0 -1 2.220446049250313e-16
vn 0 -1 2.220446049250313e-16
vn 0 -1 2.220446049250313e-16
vn 0 -1 2.220446049250313e-16
vn 0 -1 2.220446049250313e-16
vn 0 -1 2.220446049250313e-16
vn 0 -1 2.220446049250313e-16
vn 0 -1 2.220446049250313e-16
vn 0 -1 2.220446049250313e-16
vn 0 -1 2.220446049250313e-16
vn 0 -1 2.220446049250313e-16
vn -1 -1.2246468525851679e-16 2.7192622655495665e-32
vn -0.9510565161477913 -1.910802387173589e-16 -0.3090169948284818
vn -0.8090170011595983 -2.5297922709564727e-16 -0.5877852429542021
vn -0.5877852429542021 -3.021025454432345e-16 -0.8090170011595983
vn -0.3090169948284818 -3.336416505749612e-16 -0.9510565161477913
vn -6.123234262925839e-17 -3.445092901835481e-16 -1
vn 0.3090169948284818 -3.336416505749612e-16 -0.9510565161477913
vn 0.5877852429542021 -3.021025454432345e-16 -0.8090170011595983
vn 0.8090170011595983 -2.5297922709564727e-16 -0.5877852429542021
vn 0.9510565161477913 -1.910802387173589e-16 -0.3090169948284818
vn 1 -1.224646852585168e-16 -1.2246468525851676e-16
vn 0.9510565161477913 -5.384912565373755e-17 0.3090169948284818
vn 0.8090170011595983 8.049857009411436e-18 0.5877852429542021
vn 0.5877852429542021 5.717317535699868e-17 0.8090170011595983
vn 0.3090169948284818 8.871228620386475e-17 0.9510565161477913
vn 1.836970146528854e-16 9.957991966651452e-17 1
vn -0.3090169948284818 8.871228620386475e-17 0.9510565161477913
vn -0.5877852429542021 5.717317535699868e-17 0.8090170011595983
vn -0.8090170011595983 8.049857009411436e-18 0.5877852429542021
vn -0.9510565161477913 -5.384912565373755e-17 0.3090169948284818
vn -1 -1.2246468525851674e-16 2.449293705170336e-16
vn 0 1 -2.220446049250313e-16
vn 0 1 -2.220446049250313e-16
vn 0 1 -2.220446049250313e-16
vn 0 1 -2.220446049250313e-16
vn 0 1 -2.220446049250313e-16
vn 0 1 -2.220446049250313e-16
vn 0 1 -2.220446049250313e-16
vn 0 1 -2.220446049250313e-16
vn 0 1 -2.220446049250313e-16
vn 0 1 -2.220446049250313e-16
vn 0 1 -2.220446049250313e-16
vn 0 1 -2.220446049250313e-16
vn 0 1 -2.220446049250313e-16
vn 0 1 -2.220446049250313e-16
vn 0 1 -2.220446049250313e-16
vn 0 1 -2.220446049250313e-16
vn 0 1 -2.220446049250313e-16
vn 0 1 -2.220446049250313e-16
vn 0 1 -2.220446049250313e-16
vn 0 1 -2.220446049250313e-16
vn 0 1 -2.220446049250313e-16
vn 1 2.4492937051703357e-16 -5.438524531099133e-32
vn 0.9510565161477913 3.135449209029072e-16 0.3090169948284818
vn 0.8090170011595983 3.754439121387652e-16 0.5877852429542021
vn 0.5877852429542021 4.2456723048635244e-16 0.8090170011595983
vn 0.3090169948284818 4.561063327605095e-16 0.9510565161477913
vn 6.123234262925839e-17 4.669739754420649e-16 1
vn -0.3090169948284818 4.561063327605095e-16 0.9510565161477913
vn -0.5877852429542021 4.2456723048635244e-16 0.8090170011595983
vn -0.8090170011595983 3.754439121387652e-16 0.5877852429542021
vn -0.9510565161477913 3.135449209029072e-16 0.3090169948284818
vn -1 2.449293705170336e-16 1.2246468525851674e-16
vn -0.9510565161477913 1.7631380783928578e-16 -0.3090169948284818
vn -0.8090170011595983 1.144148280337065e-16 -0.5877852429542021
vn -0.5877852429542021 6.529150968611924e-17 -0.8090170011595983
vn -0.3090169948284818 3.3752395981683477e-17 -0.9510565161477913
vn -1.836970146528854e-16 2.2884765592002257e-17 -1
vn 0.3090169948284818 3.3752395981683477e-17 -0.9510565161477913
vn 0.5877852429542021 6.529150968611924e-17 -0.8090170011595983
vn 0.8090170011595983 1.144148280337065e-16 -0.5877852429542021
vn 0.9510565161477913 1.7631380783928578e-16 -0.3090169948284818
vn 1 2.449293705170335e-16 -2.449293705170336e-16
f 1151/1151/1151 1130/1130/1130 1152/1152/1152
f 1130/1130/1130 1131/1131/1131 1152/1152/1152
f 1152/1152/1152 1131/1131/1131 1153/1153/1153
f 1131/1131/1131 1132/1132/1132 1153/1153/1153
f 1153/1153/1153 1132/1132/1132 1154/1154/1154
f 1132/1132/1132 1133/1133/1133 1154/1154/1154
f 1154/1154/1154 1133/1133/1133 1155/1155/1155
f 1133/1133/1133 1134/1134/1134 1155/1155/1155
f 1155/1155/1155 1134/1134/1134 1156/1156/1156
f 1134/1134/1134 1135/1135/1135 1156/1156/1156
f 1156/1156/1156 1135/1135/1135 1157/1157/1157
f 1135/1135/1135 1136/1136/1136 1157/1157/1157
f 1157/1157/1157 1136/1136/1136 1158/1158/1158
f 1136/1136/1136 1137/1137/1137 1158/1158/1158
f 1158/1158/1158 1137/1137/1137 1159/1159/1159
f 1137/1137/1137 1138/1138/1138 1159/1159/1159
f 1159/1159/1159 1138/1138/1138 1160/1160/1160
f 1138/1138/1138 1139/1139/1139 1160/1160/1160
f 1160/1160/1160 1139/1139/1139 1161/1161/1161
f 1139/1139/1139 1140/1140/1140 1161/1161/1161
f 1161/1161/1161 1140/1140/1140 1162/1162/1162
f 1140/1140/1140 1141/1141/1141 1162/1162/1162
f 1162/1162/1162 1141/1141/1141 1163/1163/1163
f 1141/1141/1141 1142/1142/1142 1163/1163/1163
f 1163/1163/1163 1142/1142/1142 1164/1164/1164
f 1142/1142/1142 1143/1143/1143 1164/1164/1164
f 1164/1164/1164 1143/1143/1143 1165/1165/1165
f 1143/1143/1143 1144/1144/1144 1165/1165/1165
f 1165/1165/1165 1144/1144/1144 1166/1166/1166
f 1144/1144/1144 1145/1145/1145 1166/1166/1166
f 1166/1166/1166 1145/1145/1145 1167/1167/1167
f 1145/1145/1145 1146/1146/1146 1167/1167/1167
f 1167/1167/1167 1146/1146/1146 1168/1168/1168
f 1146/1146/1146 1147/1147/1147 1168/1168/1168
f 1168/1168/1168 1147/1147/1147 1169/1169/1169
f 1147/1147/1147 1148/1148/1148 1169/1169/1169
f 1169/1169/1169 1148/1148/1148 1170/1170/1170
f 1148/1148/1148 1149/1149/1149 1170/1170/1170
f 1170/1170/1170 1149/1149/1149 1171/1171/1171
f 1149/1149/1149 1150/1150/1150 1171/1171/1171
f 1172/1172/1172 1151/1151/1151 1173/1173/1173
f 1151/1151/1151 1152/1152/1152 1173/1173/1173
f 1173/1173/1173 1152/1152/1152 1174/1174/1174
f 1152/1152/1152 1153/1153/1153 1174/1174/1174
f 1174/1174/1174 1153/1153/1153 1175/1175/1175
f 1153/1153/1153 1154/1154/1154 1175/1175/1175
f 1175/1175/1175 1154/1154/1154 1176/1176/1176
f 1154/1154/1154 1155/1155/1155 1176/1176/1176
f 1176/1176/1176 1155/1155/1155 1177/1177/1177
f 1155/1155/1155 1156/1156/1156 1177/1177/1177
f 1177/1177/1177 1156/1156/1156 1178/1178/1178
f 1156/1156/1156 1157/1157/1157 1178/1178/1178
f 1178/1178/1178 1157/1157/1157 1179/1179/1179
f 1157/1157/1157 1158/1158/1158 1179/1179/1179
f 1179/1179/1179 1158/1158/1158 1180/1180/1180
f 1158/1158/1158 1159/1159/1159 1180/1180/1180
f 1180/1180/1180 1159/1159/1159 1181/1181/1181
f 1159/1159/1159 1160/1160/1160 1181/1181/1181
f 1181/1181/1181 1160/1160/1160 1182/1182/1182
f 1160/1160/1160 1161/1161/1161 1182/1182/1182
f 1182/1182/1182 1161/1161/1161 1183/1183/1183
f 1161/1161/1161 1162/1162/1162 1183/1183/1183
f 1183/1183/1183 1162/1162/1162 1184/1184/1184
f 1162/1162/1162 1163/1163/1163 1184/1184/1184
f 1184/1184/1184 1163/1163/1163 1185/1185/1185
f 1163/1163/1163 1164/1164/1164 1185/1185/1185
f 1185/1185/1185 1164/1164/1164 1186/1186/1186
f 1164/1164/1164 1165/1165/1165 1186/1186/1186
f 1186/1186/1186 1165/1165/1165 1187/1187/1187
f 1165/1165/1165 1166/1166/1166 1187/1187/1187
f 1187/1187/1187 1166/1166/1166 1188/1188/1188
f 1166/1166/1166 1167/1167/1167 1188/1188/1188
f 1188/1188/1188 1167/1167/1167 1189/1189/1189
f 1167/1167/1167 1168/1168/1168 1189/1189/1189
f 1189/1189/1189 1168/1168/1168 1190/1190/1190
f 1168/1168/1168 1169/1169/1169 1190/1190/1190
f 1190/1190/1190 1169/1169/1169 1191/1191/1191
f 1169/1169/1169 1170/1170/1170 1191/1191/1191
f 1191/1191/1191 1170/1170/1170 1192/1192/1192
f 1170/1170/1170 1171/1171/1171 1192/1192/1192
f 1193/1193/1193 1172/1172/1172 1194/1194/1194
f 1172/1172/1172 1173/1173/1173 1194/1194/1194
f 1194/1194/1194 1173/1173/1173 1195/1195/1195
f 1173/1173/1173 1174/1174/1174 1195/1195/1195
f 1195/1195/1195 1174/1174/1174 1196/1196/1196
f 1174/1174/1174 1175/1175/1175 1196/1196/1196
f 1196/1196/1196 1175/1175/1175 1197/1197/1197
f 1175/1175/1175 1176/1176/1176 1197/1197/1197
f 1197/1197/1197 1176/1176/1176 1198/1198/1198
f 1176/1176/1176 1177/1177/1177 1198/1198/1198
f 1198/1198/1198 1177/1177/1177 1199/1199/1199
f 1177/1177/1177 1178/1178/1178 1199/1199/1199
f 1199/1199/1199 1178/1178/1178 1200/1200/1200
f 1178/1178/1178 1179/1179/1179 1200/1200/1200
f 1200/1200/1200 1179/1179/1179 1201/1201/1201
f 1179/1179/1179 1180/1180/1180 1201/1201/1201
f 1201/1201/1201 1180/1180/1180 1202/1202/1202
f 1180/1180/1180 1181/1181/1181 1202/1202/1202
f 1202/1202/1202 1181/1181/1181 1203/1203/1203
f 1181/1181/1181 1182/1182/1182 1203/1203/1203
f 1203/1203/1203 1182/1182/1182 1204/1204/1204
f 1182/1182/1182 1183/1183/1183 1204/1204/1204
f 1204/1204/1204 1183/1183/1183 1205/1205/1205
f 1183/1183/1183 1184/1184/1184 1205/1205/1205
f 1205/1205/1205 1184/1184/1184 1206/1206/1206
f 1184/1184/1184 1185/1185/1185 1206/1206/1206
f 1206/1206/1206 1185/1185/1185 1207/1207/1207
f 1185/1185/1185 1186/1186/1186 1207/1207/1207
f 1207/1207/1207 1186/1186/1186 1208/1208/1208
f 1186/1186/1186 1187/1187/1187 1208/1208/1208
f 1208/1208/1208 1187/1187/1187 1209/1209/1209
f 1187/1187/1187 1188/1188/1188 1209/1209/1209
f 1209/1209/1209 1188/1188/1188 1210/1210/1210
f 1188/1188/1188 1189/1189/1189 1210/1210/1210
f 1210/1210/1210 1189/1189/1189 1211/1211/1211
f 1189/1189/1189 1190/1190/1190 1211/1211/1211
f 1211/1211/1211 1190/1190/1190 1212/1212/1212
f 1190/1190/1190 1191/1191/1191 1212/1212/1212
f 1212/1212/1212 1191/1191/1191 1213/1213/1213
f 1191/1191/1191 1192/1192/1192 1213/1213/1213
f 1214/1214/1214 1193/1193/1193 1215/1215/1215
f 1193/1193/1193 1194/1194/1194 1215/1215/1215
f 1215/1215/1215 1194/1194/1194 1216/1216/1216
f 1194/1194/1194 1195/1195/1195 1216/1216/1216
f 1216/1216/1216 1195/1195/1195 1217/1217/1217
f 1195/1195/1195 1196/1196/1196 1217/1217/1217
f 1217/1217/1217 1196/1196/1196 1218/1218/1218
f 1196/1196/1196 1197/1197/1197 1218/1218/1218
f 1218/1218/1218 1197/1197/1197 1219/1219/1219
f 1197/1197/1197 1198/1198/1198 1219/1219/1219
f 1219/1219/1219 1198/1198/1198 1220/1220/1220
f 1198/1198/1198 1199/1199/1199 1220/1220/1220
f 1220/1220/1220 1199/1199/1199 1221/1221/1221
f 1199/1199/1199 1200/1200/1200 1221/1221/1221
f 1221/1221/1221 1200/1200/1200 1222/1222/1222
f 1200/1200/1200 1201/1201/1201 1222/1222/1222
f 1222/1222/1222 1201/1201/1201 1223/1223/1223
f 1201/1201/1201 1202/1202/1202 1223/1223/1223
f 1223/1223/1223 1202/1202/1202 1224/1224/1224
f 1202/1202/1202 1203/1203/1203 1224/1224/1224
f 1224/1224/1224 1203/1203/1203 1225/1225/1225
f 1203/1203/1203 1204/1204/1204 1225/1225/1225
f 1225/1225/1225 1204/1204/1204 1226/1226/1226
f 1204/1204/1204 1205/1205/1205 1226/1226/1226
f 1226/1226/1226 1205/1205/1205 1227/1227/1227
f 1205/1205/1205 1206/1206/1206 1227/1227/1227
f 1227/1227/1227 1206/1206/1206 1228/1228/1228
f 1206/1206/1206 1207/1207/1207 1228/1228/1228
f 1228/1228/1228 1207/1207/1207 1229/1229/1229
f 1207/1207/1207 1208/1208/1208 1229/1229/1229
f 1229/1229/1229 1208/1208/1208 1230/1230/1230
f 1208/1208/1208 1209/1209/1209 1230/1230/1230
f 1230/1230/1230 1209/1209/1209 1231/1231/1231
f 1209/1209/1209 1210/1210/1210 1231/1231/1231
f 1231/1231/1231 1210/1210/1210 1232/1232/1232
f 1210/1210/1210 1211/1211/1211 1232/1232/1232
f 1232/1232/1232 1211/1211/1211 1233/1233/1233
f 1211/1211/1211 1212/1212/1212 1233/1233/1233
f 1233/1233/1233 1212/1212/1212 1234/1234/1234
f 1212/1212/1212 1213/1213/1213 1234/1234/1234
o 
v 0 1.1378674970971048 0
v 0 1.0448899999999999 0.09297749709710479
v 0.09297749709710479 1.0448899999999999 0
v 0 1.0448899999999999 0.09297749709710479
v 0 0.9519125029028951 0
v 0.09297749709710479 1.0448899999999999 0
v 0 0.9519125029028951 0
v 0 1.0448899999999999 -0.09297749709710479
v 0.09297749709710479 1.0448899999999999 0
v 0 1.0448899999999999 -0.09297749709710479
v 0 1.1378674970971048 0
v 0.09297749709710479 1.0448899999999999 0
v 0 1.1378674970971048 0
v 0 1.0448899999999999 -0.09297749709710479
v -0.09297749709710479 1.0448899999999999 0
v 0 1.0448899999999999 -0.09297749709710479
v 0 0.9519125029028951 0
v -0.09297749709710479 1.0448899999999999 0
v 0 0.9519125029028951 0
v 0 1.0448899999999999 0.09297749709710479
v -0.09297749709710479 1.0448899999999999 0
v 0 1.0448899999999999 0.09297749709710479
v 0 1.1378674970971048 0
v -0.09297749709710479 1.0448899999999999 0
vt 0.875 1
vt 0.75 0.5
vt 1 0.5
vt 0.75 0.5
vt 0.875 0
vt 1 0.5
vt 0.125 0
vt 0.25 0.5
vt 0 0.5
vt 0.25 0.5
vt 0.125 1
vt 0 0.5
vt 0.375 1
vt 0.25 0.5
vt 0.5 0.5
vt 0.25 0.5
vt 0.375 0
vt 0.5 0.5
vt 0.625 0
vt 0.75 0.5
vt 0.5 0.5
vt 0.75 0.5
vt 0.625 1
vt 0.5 0.5
vn 0.5773502691896257 0.5773502691896257 0.5773502691896257
vn 0.5773502691896257 0.5773502691896257 0.5773502691896257
vn 0.5773502691896257 0.5773502691896257 0.5773502691896257
vn 0.5773502691896257 -0.5773502691896257 0.5773502691896257
vn 0.5773502691896257 -0.5773502691896257 0.5773502691896257
vn 0.5773502691896257 -0.5773502691896257 0.5773502691896257
vn 0.5773502691896257 -0.5773502691896257 -0.5773502691896257
vn 0.5773502691896257 -0.5773502691896257 -0.5773502691896257
vn 0.5773502691896257 -0.5773502691896257 -0.5773502691896257
vn 0.5773502691896257 0.5773502691896257 -0.5773502691896257
vn 0.5773502691896257 0.5773502691896257 -0.5773502691896257
vn 0.5773502691896257 0.5773502691896257 -0.5773502691896257
vn -0.5773502691896257 0.5773502691896257 -0.5773502691896257
vn -0.5773502691896257 0.5773502691896257 -0.5773502691896257
vn -0.5773502691896257 0.5773502691896257 -0.5773502691896257
vn -0.5773502691896257 -0.5773502691896257 -0.5773502691896257
vn -0.5773502691896257 -0.5773502691896257 -0.5773502691896257
vn -0.5773502691896257 -0.5773502691896257 -0.5773502691896257
vn -0.5773502691896257 -0.5773502691896257 0.5773502691896257
vn -0.5773502691896257 -0.5773502691896257 0.5773502691896257
vn -0.5773502691896257 -0.5773502691896257 0.5773502691896257
vn -0.5773502691896257 0.5773502691896257 0.5773502691896257
vn -0.5773502691896257 0.5773502691896257 0.5773502691896257
vn -0.5773502691896257 0.5773502691896257 0.5773502691896257
f 1235/1235/1235 1236/1236/1236 1237/1237/1237
f 1238/1238/1238 1239/1239/1239 1240/1240/1240
f 1241/1241/1241 1242/1242/1242 1243/1243/1243
f 1244/1244/1244 1245/1245/1245 1246/1246/1246
f 1247/1247/1247 1248/1248/1248 1249/1249/1249
f 1250/1250/1250 1251/1251/1251 1252/1252/1252
f 1253/1253/1253 1254/1254/1254 1255/1255/1255
f 1256/1256/1256 1257/1257/1257 1258/1258/1258
o 
v 0 0.9696225026389956 0
v 0 0.90321 0.06641250263899565
v 0.06641250263899565 0.90321 0
v 0 0.90321 0.06641250263899565
v 0 0.8367974973610043 0
v 0.06641250263899565 0.90321 0
v 0 0.8367974973610043 0
v 0 0.90321 -0.06641250263899565
v 0.06641250263899565 0.90321 0
v 0 0.90321 -0.06641250263899565
v 0 0.9696225026389956 0
v 0.06641250263899565 0.90321 0
v 0 0.9696225026389956 0
v 0 0.90321 -0.06641250263899565
v -0.06641250263899565 0.90321 0
v 0 0.90321 -0.06641250263899565
v 0 0.8367974973610043 0
v -0.06641250263899565 0.90321 0
v 0 0.8367974973610043 0
v 0 0.90321 0.06641250263899565
v -0.06641250263899565 0.90321 0
v 0 0.90321 0.06641250263899565
v 0 0.9696225026389956 0
v -0.06641250263899565 0.90321 0
vt 0.875 1
vt 0.75 0.5
vt 1 0.5
vt 0.75 0.5
vt 0.875 0
vt 1 0.5
vt 0.125 0
vt 0.25 0.5
vt 0 0.5
vt 0.25 0.5
vt 0.125 1
vt 0 0.5
vt 0.375 1
vt 0.25 0.5
vt 0.5 0.5
vt 0.25 0.5
vt 0.375 0
vt 0.5 0.5
vt 0.625 0
vt 0.75 0.5
vt 0.5 0.5
vt 0.75 0.5
vt 0.625 1
vt 0.5 0.5
vn 0.5773502691896257 0.5773502691896257 0.5773502691896257
vn 0.5773502691896257 0.5773502691896257 0.5773502691896257
vn 0.5773502691896257 0.5773502691896257 0.5773502691896257
vn 0.5773502691896257 -0.5773502691896257 0.5773502691896257
vn 0.5773502691896257 -0.5773502691896257 0.5773502691896257
vn 0.5773502691896257 -0.5773502691896257 0.5773502691896257
vn 0.5773502691896257 -0.5773502691896257 -0.5773502691896257
vn 0.5773502691896257 -0.5773502691896257 -0.5773502691896257
vn 0.5773502691896257 -0.5773502691896257 -0.5773502691896257
vn 0.5773502691896257 0.5773502691896257 -0.5773502691896257
vn 0.5773502691896257 0.5773502691896257 -0.5773502691896257
vn 0.5773502691896257 0.5773502691896257 -0.5773502691896257
vn -0.5773502691896257 0.5773502691896257 -0.5773502691896257
vn -0.5773502691896257 0.5773502691896257 -0.5773502691896257
vn -0.5773502691896257 0.5773502691896257 -0.5773502691896257
vn -0.5773502691896257 -0.5773502691896257 -0.5773502691896257
vn -0.5773502691896257 -0.5773502691896257 -0.5773502691896257
vn -0.5773502691896257 -0.5773502691896257 -0.5773502691896257
vn -0.5773502691896257 -0.5773502691896257 0.5773502691896257
vn -0.5773502691896257 -0.5773502691896257 0.5773502691896257
vn -0.5773502691896257 -0.5773502691896257 0.5773502691896257
vn -0.5773502691896257 0.5773502691896257 0.5773502691896257
vn -0.5773502691896257 0.5773502691896257 0.5773502691896257
vn -0.5773502691896257 0.5773502691896257 0.5773502691896257
f 1259/1259/1259 1260/1260/1260 1261/1261/1261
f 1262/1262/1262 1263/1263/1263 1264/1264/1264
f 1265/1265/1265 1266/1266/1266 1267/1267/1267
f 1268/1268/1268 1269/1269/1269 1270/1270/1270
f 1271/1271/1271 1272/1272/1272 1273/1273/1273
f 1274/1274/1274 1275/1275/1275 1276/1276/1276
f 1277/1277/1277 1278/1278/1278 1279/1279/1279
f 1280/1280/1280 1281/1281/1281 1282/1282/1282
o 
v 0.11422949398308992 0.9740500000000001 0
v 0.11033722610771655 0.9740500000000001 0.02956477049924433
v 0.09892564814165233 0.9740500000000001 0.05711474699154496
v 0.08077245230972767 0.9740500000000001 0.08077245230972767
v 0.05711474699154496 0.9740500000000001 0.09892564814165233
v 0.02956477049924433 0.9740500000000001 0.11033722610771655
v 6.994539560082761e-18 0.9740500000000001 0.11422949398308992
v -0.02956477049924433 0.9740500000000001 0.11033722610771655
v -0.05711474699154496 0.9740500000000001 0.09892564814165233
v -0.08077245230972767 0.9740500000000001 0.08077245230972767
v -0.09892564814165233 0.9740500000000001 0.05711474699154496
v -0.11033722610771655 0.9740500000000001 0.02956477049924433
v -0.11422949398308992 0.9740500000000001 1.3989079120165522e-17
v -0.11033722610771655 0.9740500000000001 -0.02956477049924433
v -0.09892564814165233 0.9740500000000001 -0.05711474699154496
v -0.08077245230972767 0.9740500000000001 -0.08077245230972767
v -0.05711474699154496 0.9740500000000001 -0.09892564814165233
v -0.02956477049924433 0.9740500000000001 -0.11033722610771655
v -2.0983619412716715e-17 0.9740500000000001 -0.11422949398308992
v 0.02956477049924433 0.9740500000000001 -0.11033722610771655
v 0.05711474699154496 0.9740500000000001 -0.09892564814165233
v 0.08077245230972767 0.9740500000000001 -0.08077245230972767
v 0.09892564814165233 0.9740500000000001 -0.05711474699154496
v 0.11033722610771655 0.9740500000000001 -0.02956477049924433
v 0.11422949398308992 0.9740500000000001 -2.7978158240331045e-17
v 0.10625999762490392 0.9660805003430695 1.76958440277332e-18
v 0.10263927580416202 0.9660805003430695 0.027502111708745364
v 0.09202385643497109 0.9660805003430696 0.05312999881245196
v 0.07513716739416122 0.9660805003430696 0.07513716739416122
v 0.05312999881245196 0.9660805003430696 0.09202385643497109
v 0.02750211170874536 0.9660805003430696 0.10263927580416202
v 6.50654858129131e-18 0.9660805003430696 0.10625999762490392
v -0.02750211170874536 0.9660805003430696 0.10263927580416202
v -0.05312999881245196 0.9660805003430696 0.09202385643497109
v -0.07513716739416122 0.9660805003430696 0.07513716739416122
v -0.09202385643497109 0.9660805003430696 0.05312999881245196
v -0.10263927580416202 0.9660805003430695 0.027502111708745364
v -0.10625999762490392 0.9660805003430695 1.478268156535594e-17
v -0.10263927580416202 0.9660805003430695 -0.027502111708745357
v -0.09202385643497109 0.9660805003430695 -0.05312999881245196
v -0.07513716739416122 0.9660805003430695 -0.07513716739416122
v -0.05312999881245196 0.9660805003430695 -0.09202385643497109
v -0.02750211170874536 0.9660805003430695 -0.10263927580416202
v -1.95196450114055e-17 0.9660805003430695 -0.10625999762490392
v 0.02750211170874536 0.9660805003430695 -0.10263927580416202
v 0.05312999881245196 0.9660805003430695 -0.09202385643497109
v 0.07513716739416122 0.9660805003430695 -0.07513716739416122
v 0.09202385643497109 0.9660805003430695 -0.05312999881245196
v 0.10263927580416202 0.9660805003430695 -0.027502111708745357
v 0.10625999762490392 0.9660805003430695 -2.425660992239192e-17
v 0.0982905012667179 0.9740500000000001 2.16711589175703e-34
v 0.0949413320980966 0.9740500000000001 0.025439452918246386
v 0.08512207132577895 0.9740500000000001 0.04914525063335895
v 0.06950187588110565 0.9740500000000001 0.06950187588110565
v 0.04914525063335895 0.9740500000000001 0.08512207132577895
v 0.025439452918246386 0.9740500000000001 0.0949413320980966
v 6.018557236265643e-18 0.9740500000000001 0.0982905012667179
v -0.025439452918246386 0.9740500000000001 0.0949413320980966
v -0.04914525063335895 0.9740500000000001 0.08512207132577895
v -0.06950187588110565 0.9740500000000001 0.06950187588110565
v -0.08512207132577895 0.9740500000000001 0.04914525063335895
v -0.0949413320980966 0.9740500000000001 0.025439452918246386
v -0.0982905012667179 0.9740500000000001 1.2037114472531286e-17
v -0.0949413320980966 0.9740500000000001 -0.025439452918246386
v -0.08512207132577895 0.9740500000000001 -0.04914525063335895
v -0.06950187588110565 0.9740500000000001 -0.06950187588110565
v -0.04914525063335895 0.9740500000000001 -0.08512207132577895
v -0.025439452918246386 0.9740500000000001 -0.0949413320980966
v -1.8055672075031146e-17 0.9740500000000001 -0.0982905012667179
v 0.025439452918246386 0.9740500000000001 -0.0949413320980966
v 0.04914525063335895 0.9740500000000001 -0.08512207132577895
v 0.06950187588110565 0.9740500000000001 -0.06950187588110565
v 0.08512207132577895 0.9740500000000001 -0.04914525063335895
v 0.0949413320980966 0.9740500000000001 -0.025439452918246386
v 0.0982905012667179 0.9740500000000001 -2.4074228945062572e-17
v 0.10625999762490392 0.9820194996569307 -1.76958440277332e-18
v 0.10263927580416202 0.9820194996569307 0.027502111708745357
v 0.09202385643497109 0.9820194996569307 0.05312999881245196
v 0.07513716739416122 0.9820194996569307 0.07513716739416122
v 0.05312999881245196 0.9820194996569307 0.09202385643497109
v 0.02750211170874536 0.9820194996569307 0.10263927580416202
v 6.50654858129131e-18 0.9820194996569307 0.10625999762490392
v -0.02750211170874536 0.9820194996569307 0.10263927580416202
v -0.05312999881245196 0.9820194996569307 0.09202385643497109
v -0.07513716739416122 0.9820194996569307 0.07513716739416122
v -0.09202385643497109 0.9820194996569307 0.05312999881245196
v -0.10263927580416202 0.9820194996569307 0.027502111708745357
v -0.10625999762490392 0.9820194996569307 1.12435127598093e-17
v -0.10263927580416202 0.9820194996569307 -0.027502111708745364
v -0.09202385643497109 0.9820194996569306 -0.05312999881245196
v -0.07513716739416122 0.9820194996569306 -0.07513716739416122
v -0.05312999881245196 0.9820194996569306 -0.09202385643497109
v -0.02750211170874536 0.9820194996569306 -0.10263927580416202
v -1.95196450114055e-17 0.9820194996569306 -0.10625999762490392
v 0.02750211170874536 0.9820194996569306 -0.10263927580416202
v 0.05312999881245196 0.9820194996569306 -0.09202385643497109
v 0.07513716739416122 0.9820194996569306 -0.07513716739416122
v 0.09202385643497109 0.9820194996569306 -0.05312999881245196
v 0.10263927580416202 0.9820194996569307 -0.027502111708745364
v 0.10625999762490392 0.9820194996569307 -2.779577872793856e-17
v 0.11422949398308992 0.9740500000000001 -4.33423178351406e-34
v 0.11033722610771655 0.9740500000000001 0.02956477049924433
v 0.09892564814165233 0.9740500000000001 0.05711474699154496
v 0.08077245230972767 0.9740500000000001 0.08077245230972767
v 0.05711474699154496 0.9740500000000001 0.09892564814165233
v 0.02956477049924433 0.9740500000000001 0.11033722610771655
v 6.994539560082761e-18 0.9740500000000001 0.11422949398308992
v -0.02956477049924433 0.9740500000000001 0.11033722610771655
v -0.05711474699154496 0.9740500000000001 0.09892564814165233
v -0.08077245230972767 0.9740500000000001 0.08077245230972767
v -0.09892564814165233 0.9740500000000001 0.05711474699154496
v -0.11033722610771655 0.9740500000000001 0.02956477049924433
v -0.11422949398308992 0.9740500000000001 1.3989079120165522e-17
v -0.11033722610771655 0.9740500000000001 -0.02956477049924433
v -0.09892564814165233 0.9740500000000001 -0.05711474699154496
v -0.08077245230972767 0.9740500000000001 -0.08077245230972767
v -0.05711474699154496 0.9740500000000001 -0.09892564814165233
v -0.02956477049924433 0.9740500000000001 -0.11033722610771655
v -2.0983619412716715e-17 0.9740500000000001 -0.11422949398308992
v 0.02956477049924433 0.9740500000000001 -0.11033722610771655
v 0.05711474699154496 0.9740500000000001 -0.09892564814165233
v 0.08077245230972767 0.9740500000000001 -0.08077245230972767
v 0.09892564814165233 0.9740500000000001 -0.05711474699154496
v 0.11033722610771655 0.9740500000000001 -0.02956477049924433
v 0.11422949398308992 0.9740500000000001 -2.7978158240331045e-17
vt 0 0
vt 0.0416666679084301 0
vt 0.0833333358168602 0
vt 0.125 0
vt 0.1666666716337204 0
vt 0.2083333283662796 0
vt 0.25 0
vt 0.2916666567325592 0
vt 0.3333333432674408 0
vt 0.375 0
vt 0.4166666567325592 0
vt 0.4583333432674408 0
vt 0.5 0
vt 0.5416666865348816 0
vt 0.5833333134651184 0
vt 0.625 0
vt 0.6666666865348816 0
vt 0.7083333134651184 0
vt 0.75 0
vt 0.7916666865348816 0
vt 0.8333333134651184 0
vt 0.875 0
vt 0.9166666865348816 0
vt 0.9583333134651184 0
vt 1 0
vt 0 0.25
vt 0.0416666679084301 0.25
vt 0.0833333358168602 0.25
vt 0.125 0.25
vt 0.1666666716337204 0.25
vt 0.2083333283662796 0.25
vt 0.25 0.25
vt 0.2916666567325592 0.25
vt 0.3333333432674408 0.25
vt 0.375 0.25
vt 0.4166666567325592 0.25
vt 0.4583333432674408 0.25
vt 0.5 0.25
vt 0.5416666865348816 0.25
vt 0.5833333134651184 0.25
vt 0.625 0.25
vt 0.6666666865348816 0.25
vt 0.7083333134651184 0.25
vt 0.75 0.25
vt 0.7916666865348816 0.25
vt 0.8333333134651184 0.25
vt 0.875 0.25
vt 0.9166666865348816 0.25
vt 0.9583333134651184 0.25
vt 1 0.25
vt 0 0.5
vt 0.0416666679084301 0.5
vt 0.0833333358168602 0.5
vt 0.125 0.5
vt 0.1666666716337204 0.5
vt 0.2083333283662796 0.5
vt 0.25 0.5
vt 0.2916666567325592 0.5
vt 0.3333333432674408 0.5
vt 0.375 0.5
vt 0.4166666567325592 0.5
vt 0.4583333432674408 0.5
vt 0.5 0.5
vt 0.5416666865348816 0.5
vt 0.5833333134651184 0.5
vt 0.625 0.5
vt 0.6666666865348816 0.5
vt 0.7083333134651184 0.5
vt 0.75 0.5
vt 0.7916666865348816 0.5
vt 0.8333333134651184 0.5
vt 0.875 0.5
vt 0.9166666865348816 0.5
vt 0.9583333134651184 0.5
vt 1 0.5
vt 0 0.75
vt 0.0416666679084301 0.75
vt 0.0833333358168602 0.75
vt 0.125 0.75
vt 0.1666666716337204 0.75
vt 0.2083333283662796 0.75
vt 0.25 0.75
vt 0.2916666567325592 0.75
vt 0.3333333432674408 0.75
vt 0.375 0.75
vt 0.4166666567325592 0.75
vt 0.4583333432674408 0.75
vt 0.5 0.75
vt 0.5416666865348816 0.75
vt 0.5833333134651184 0.75
vt 0.625 0.75
vt 0.6666666865348816 0.75
vt 0.7083333134651184 0.75
vt 0.75 0.75
vt 0.7916666865348816 0.75
vt 0.8333333134651184 0.75
vt 0.875 0.75
vt 0.9166666865348816 0.75
vt 0.9583333134651184 0.75
vt 1 0.75
vt 0 1
vt 0.0416666679084301 1
vt 0.0833333358168602 1
vt 0.125 1
vt 0.1666666716337204 1
vt 0.2083333283662796 1
vt 0.25 1
vt 0.2916666567325592 1
vt 0.3333333432674408 1
vt 0.375 1
vt 0.4166666567325592 1
vt 0.4583333432674408 1
vt 0.5 1
vt 0.5416666865348816 1
vt 0.5833333134651184 1
vt 0.625 1
vt 0.6666666865348816 1
vt 0.7083333134651184 1
vt 0.75 1
vt 0.7916666865348816 1
vt 0.8333333134651184 1
vt 0.875 1
vt 0.9166666865348816 1
vt 0.9583333134651184 1
vt 1 1
vn 1 0 0
vn 0.9659258257467465 5.746937306627513e-17 0.2588190471264927
vn 0.8660253998985323 1.1102230395700616e-16 0.5000000067305869
vn 0.7071067811865476 1.5700924586837752e-16 0.7071067811865476
vn 0.5000000067305869 1.9229626777551186e-16 0.8660253998985323
vn 0.2588190471264927 2.1447861836482095e-16 0.9659258257467465
vn 6.123234262925839e-17 2.220446049250313e-16 1
vn -0.2588190471264927 2.1447861836482095e-16 0.9659258257467465
vn -0.5000000067305869 1.9229626777551186e-16 0.8660253998985323
vn -0.7071067811865476 1.5700924586837752e-16 0.7071067811865476
vn -0.8660253998985323 1.1102230395700616e-16 0.5000000067305869
vn -0.9659258257467465 5.746937306627513e-17 0.2588190471264927
vn -1 2.7192622655495665e-32 1.2246468525851679e-16
vn -0.9659258257467465 -5.746937306627513e-17 -0.2588190471264927
vn -0.8660253998985323 -1.1102230395700616e-16 -0.5000000067305869
vn -0.7071067811865476 -1.5700924586837752e-16 -0.7071067811865476
vn -0.5000000067305869 -1.9229626777551186e-16 -0.8660253998985323
vn -0.2588190471264927 -2.1447861836482095e-16 -0.9659258257467465
vn -1.8369701465288538e-16 -2.220446049250313e-16 -1
vn 0.2588190471264927 -2.1447861836482095e-16 -0.9659258257467465
vn 0.5000000067305869 -1.9229626777551186e-16 -0.8660253998985323
vn 0.7071067811865476 -1.5700924586837752e-16 -0.7071067811865476
vn 0.8660253998985323 -1.1102230395700616e-16 -0.5000000067305869
vn 0.9659258257467465 -5.746937306627513e-17 -0.2588190471264927
vn 1 -5.438524531099133e-32 -2.4492937051703357e-16
vn 0 -1 2.220446049250313e-16
vn 0 -1 2.220446049250313e-16
vn 0 -1 2.220446049250313e-16
vn 0 -1 2.220446049250313e-16
vn 0 -1 2.220446049250313e-16
vn 0 -1 2.220446049250313e-16
vn 0 -1 2.220446049250313e-16
vn 0 -1 2.220446049250313e-16
vn 0 -1 2.220446049250313e-16
vn 0 -1 2.220446049250313e-16
vn 0 -1 2.220446049250313e-16
vn 0 -1 2.220446049250313e-16
vn 0 -1 2.220446049250313e-16
vn 0 -1 2.220446049250313e-16
vn 0 -1 2.220446049250313e-16
vn 0 -1 2.220446049250313e-16
vn 0 -1 2.220446049250313e-16
vn 0 -1 2.220446049250313e-16
vn 0 -1 2.220446049250313e-16
vn 0 -1 2.220446049250313e-16
vn 0 -1 2.220446049250313e-16
vn 0 -1 2.220446049250313e-16
vn 0 -1 2.220446049250313e-16
vn 0 -1 2.220446049250313e-16
vn 0 -1 2.220446049250313e-16
vn -1 -1.2246468525851679e-16 2.7192622655495665e-32
vn -0.9659258257467465 -1.7993405997622623e-16 -0.2588190471264927
vn -0.8660253998985323 -2.3348699086404134e-16 -0.5000000067305869
vn -0.7071067811865476 -2.7947393322278815e-16 -0.7071067811865476
vn -0.5000000067305869 -3.1476095468254707e-16 -0.8660253998985323
vn -0.2588190471264927 -3.3694330527477204e-16 -0.9659258257467465
vn -6.123234262925839e-17 -3.4450929018354804e-16 -1
vn 0.2588190471264927 -3.3694330527477204e-16 -0.9659258257467465
vn 0.5000000067305869 -3.1476095468254707e-16 -0.8660253998985323
vn 0.7071067811865476 -2.7947393322278815e-16 -0.7071067811865476
vn 0.8660253998985323 -2.3348699086404134e-16 -0.5000000067305869
vn 0.9659258257467465 -1.7993405997622623e-16 -0.2588190471264927
vn 1 -1.2246468525851679e-16 -1.2246468525851676e-16
vn 0.9659258257467465 -6.499531384367596e-17 0.2588190471264927
vn 0.8660253998985323 -1.1442382950029024e-17 0.5000000067305869
vn 0.7071067811865476 3.4544558513966884e-17 0.7071067811865476
vn 0.5000000067305869 6.98315808684767e-17 0.8660253998985323
vn 0.2588190471264927 9.201393145486986e-17 0.9659258257467465
vn 1.8369701465288538e-16 9.957991966651453e-17 1
vn -0.2588190471264927 9.201393145486986e-17 0.9659258257467465
vn -0.5000000067305869 6.98315808684767e-17 0.8660253998985323
vn -0.7071067811865476 3.4544558513966884e-17 0.7071067811865476
vn -0.8660253998985323 -1.1442382950029024e-17 0.5000000067305869
vn -0.9659258257467465 -6.499531384367596e-17 0.2588190471264927
vn -1 -1.2246468525851674e-16 2.4492937051703357e-16
vn 0 1 -2.220446049250313e-16
vn 0 1 -2.220446049250313e-16
vn 0 1 -2.220446049250313e-16
vn 0 1 -2.220446049250313e-16
vn 0 1 -2.220446049250313e-16
vn 0 1 -2.220446049250313e-16
vn 0 1 -2.220446049250313e-16
vn 0 1 -2.220446049250313e-16
vn 0 1 -2.220446049250313e-16
vn 0 1 -2.220446049250313e-16
vn 0 1 -2.220446049250313e-16
vn 0 1 -2.220446049250313e-16
vn 0 1 -2.220446049250313e-16
vn 0 1 -2.220446049250313e-16
vn 0 1 -2.220446049250313e-16
vn 0 1 -2.220446049250313e-16
vn 0 1 -2.220446049250313e-16
vn 0 1 -2.220446049250313e-16
vn 0 1 -2.220446049250313e-16
vn 0 1 -2.220446049250313e-16
vn 0 1 -2.220446049250313e-16
vn 0 1 -2.220446049250313e-16
vn 0 1 -2.220446049250313e-16
vn 0 1 -2.220446049250313e-16
vn 0 1 -2.220446049250313e-16
vn 1 2.4492937051703357e-16 -5.438524531099133e-32
vn 0.9659258257467465 3.023987468861773e-16 0.2588190471264927
vn 0.8660253998985323 3.559516777710765e-16 0.5000000067305869
vn 0.7071067811865476 4.0193862057719876e-16 0.7071067811865476
vn 0.5000000067305869 4.372256415895822e-16 0.8660253998985323
vn 0.2588190471264927 4.594079921847231e-16 0.9659258257467465
vn 6.123234262925839e-17 4.669739754420649e-16 1
vn -0.2588190471264927 4.594079921847231e-16 0.9659258257467465
vn -0.5000000067305869 4.372256415895822e-16 0.8660253998985323
vn -0.7071067811865476 4.0193862057719876e-16 0.7071067811865476
vn -0.8660253998985323 3.559516777710765e-16 0.5000000067305869
vn -0.9659258257467465 3.023987468861773e-16 0.2588190471264927
vn -1 2.4492937051703357e-16 1.2246468525851674e-16
vn -0.9659258257467465 1.8746000075362707e-16 -0.2588190471264927
vn -0.8660253998985323 1.339070698570642e-16 -0.5000000067305869
vn -0.7071067811865476 8.792012884044374e-17 -0.7071067811865476
vn -0.5000000067305869 5.263310603855848e-17 -0.8660253998985323
vn -0.2588190471264927 3.045075545508123e-17 -0.9659258257467465
vn -1.8369701465288538e-16 2.2884765592002244e-17 -1
vn 0.2588190471264927 3.045075545508123e-17 -0.9659258257467465
vn 0.5000000067305869 5.263310603855848e-17 -0.8660253998985323
vn 0.7071067811865476 8.792012884044374e-17 -0.7071067811865476
vn 0.8660253998985323 1.339070698570642e-16 -0.5000000067305869
vn 0.9659258257467465 1.8746000075362707e-16 -0.2588190471264927
vn 1 2.449293705170335e-16 -2.4492937051703357e-16
f 1308/1308/1308 1283/1283/1283 1309/1309/1309
f 1283/1283/1283 1284/1284/1284 1309/1309/1309
f 1309/1309/1309 1284/1284/1284 1310/1310/1310
f 1284/1284/1284 1285/1285/1285 1310/1310/1310
f 1310/1310/1310 1285/1285/1285 1311/1311/1311
f 1285/1285/1285 1286/1286/1286 1311/1311/1311
f 1311/1311/1311 1286/1286/1286 1312/1312/1312
f 1286/1286/1286 1287/1287/1287 1312/1312/1312
f 1312/1312/1312 1287/1287/1287 1313/1313/1313
f 1287/1287/1287 1288/1288/1288 1313/1313/1313
f 1313/1313/1313 1288/1288/1288 1314/1314/1314
f 1288/1288/1288 1289/1289/1289 1314/1314/1314
f 1314/1314/1314 1289/1289/1289 1315/1315/1315
f 1289/1289/1289 1290/1290/1290 1315/1315/1315
f 1315/1315/1315 1290/1290/1290 1316/1316/1316
f 1290/1290/1290 1291/1291/1291 1316/1316/1316
f 1316/1316/1316 1291/1291/1291 1317/1317/1317
f 1291/1291/1291 1292/1292/1292 1317/1317/1317
f 1317/1317/1317 1292/1292/1292 1318/1318/1318
f 1292/1292/1292 1293/1293/1293 1318/1318/1318
f 1318/1318/1318 1293/1293/1293 1319/1319/1319
f 1293/1293/1293 1294/1294/1294 1319/1319/1319
f 1319/1319/1319 1294/1294/1294 1320/1320/1320
f 1294/1294/1294 1295/1295/1295 1320/1320/1320
f 1320/1320/1320 1295/1295/1295 1321/1321/1321
f 1295/1295/1295 1296/1296/1296 1321/1321/1321
f 1321/1321/1321 1296/1296/1296 1322/1322/1322
f 1296/1296/1296 1297/1297/1297 1322/1322/1322
f 1322/1322/1322 1297/1297/1297 1323/1323/1323
f 1297/1297/1297 1298/1298/1298 1323/1323/1323
f 1323/1323/1323 1298/1298/1298 1324/1324/1324
f 1298/1298/1298 1299/1299/1299 1324/1324/1324
f 1324/1324/1324 1299/1299/1299 1325/1325/1325
f 1299/1299/1299 1300/1300/1300 1325/1325/1325
f 1325/1325/1325 1300/1300/1300 1326/1326/1326
f 1300/1300/1300 1301/1301/1301 1326/1326/1326
f 1326/1326/1326 1301/1301/1301 1327/1327/1327
f 1301/1301/1301 1302/1302/1302 1327/1327/1327
f 1327/1327/1327 1302/1302/1302 1328/1328/1328
f 1302/1302/1302 1303/1303/1303 1328/1328/1328
f 1328/1328/1328 1303/1303/1303 1329/1329/1329
f 1303/1303/1303 1304/1304/1304 1329/1329/1329
f 1329/1329/1329 1304/1304/1304 1330/1330/1330
f 1304/1304/1304 1305/1305/1305 1330/1330/1330
f 1330/1330/1330 1305/1305/1305 1331/1331/1331
f 1305/1305/1305 1306/1306/1306 1331/1331/1331
f 1331/1331/1331 1306/1306/1306 1332/1332/1332
f 1306/1306/1306 1307/1307/1307 1332/1332/1332
f 1333/1333/1333 1308/1308/1308 1334/1334/1334
f 1308/1308/1308 1309/1309/1309 1334/1334/1334
f 1334/1334/1334 1309/1309/1309 1335/1335/1335
f 1309/1309/1309 1310/1310/1310 1335/1335/1335
f 1335/1335/1335 1310/1310/1310 1336/1336/1336
f 1310/1310/1310 1311/1311/1311 1336/1336/1336
f 1336/1336/1336 1311/1311/1311 1337/1337/1337
f 1311/1311/1311 1312/1312/1312 1337/1337/1337
f 1337/1337/1337 1312/1312/1312 1338/1338/1338
f 1312/1312/1312 1313/1313/1313 1338/1338/1338
f 1338/1338/1338 1313/1313/1313 1339/1339/1339
f 1313/1313/1313 1314/1314/1314 1339/1339/1339
f 1339/1339/1339 1314/1314/1314 1340/1340/1340
f 1314/1314/1314 1315/1315/1315 1340/1340/1340
f 1340/1340/1340 1315/1315/1315 1341/1341/1341
f 1315/1315/1315 1316/1316/1316 1341/1341/1341
f 1341/1341/1341 1316/1316/1316 1342/1342/1342
f 1316/1316/1316 1317/1317/1317 1342/1342/1342
f 1342/1342/1342 1317/1317/1317 1343/1343/1343
f 1317/1317/1317 1318/1318/1318 1343/1343/1343
f 1343/1343/1343 1318/1318/1318 1344/1344/1344
f 1318/1318/1318 1319/1319/1319 1344/1344/1344
f 1344/1344/1344 1319/1319/1319 1345/1345/1345
f 1319/1319/1319 1320/1320/1320 1345/1345/1345
f 1345/1345/1345 1320/1320/1320 1346/1346/1346
f 1320/1320/1320 1321/1321/1321 1346/1346/1346
f 1346/1346/1346 1321/1321/1321 1347/1347/1347
f 1321/1321/1321 1322/1322/1322 1347/1347/1347
f 1347/1347/1347 1322/1322/1322 1348/1348/1348
f 1322/1322/1322 1323/1323/1323 1348/1348/1348
f 1348/1348/1348 1323/1323/1323 1349/1349/1349
f 1323/1323/1323 1324/1324/1324 1349/1349/1349
f 1349/1349/1349 1324/1324/1324 1350/1350/1350
f 1324/1324/1324 1325/1325/1325 1350/1350/1350
f 1350/1350/1350 1325/1325/1325 1351/1351/1351
f 1325/1325/1325 1326/1326/1326 1351/1351/1351
f 1351/1351/1351 1326/1326/1326 1352/1352/1352
f 1326/1326/1326 1327/1327/1327 1352/1352/1352
f 1352/1352/1352 1327/1327/1327 1353/1353/1353
f 1327/1327/1327 1328/1328/1328 1353/1353/1353
f 1353/1353/1353 1328/1328/1328 1354/1354/1354
f 1328/1328/1328 1329/1329/1329 1354/1354/1354
f 1354/1354/1354 1329/1329/1329 1355/1355/1355
f 1329/1329/1329 1330/1330/1330 1355/1355/1355
f 1355/1355/1355 1330/1330/1330 1356/1356/1356
f 1330/1330/1330 1331/1331/1331 1356/1356/1356
f 1356/1356/1356 1331/1331/1331 1357/1357/1357
f 1331/1331/1331 1332/1332/1332 1357/1357/1357
f 1358/1358/1358 1333/1333/1333 1359/1359/1359
f 1333/1333/1333 1334/1334/1334 1359/1359/1359
f 1359/1359/1359 1334/1334/1334 1360/1360/1360
f 1334/1334/1334 1335/1335/1335 1360/1360/1360
f 1360/1360/1360 1335/1335/1335 1361/1361/1361
f 1335/1335/1335 1336/1336/1336 1361/1361/1361
f 1361/1361/1361 1336/1336/1336 1362/1362/1362
f 1336/1336/1336 1337/1337/1337 1362/1362/1362
f 1362/1362/1362 1337/1337/1337 1363/1363/1363
f 1337/1337/1337 1338/1338/1338 1363/1363/1363
f 1363/1363/1363 1338/1338/1338 1364/1364/1364
f 1338/1338/1338 1339/1339/1339 1364/1364/1364
f 1364/1364/1364 1339/1339/1339 1365/1365/1365
f 1339/1339/1339 1340/1340/1340 1365/1365/1365
f 1365/1365/1365 1340/1340/1340 1366/1366/1366
f 1340/1340/1340 1341/1341/1341 1366/1366/1366
f 1366/1366/1366 1341/1341/1341 1367/1367/1367
f 1341/1341/1341 1342/1342/1342 1367/1367/1367
f 1367/1367/1367 1342/1342/1342 1368/1368/1368
f 1342/1342/1342 1343/1343/1343 1368/1368/1368
f 1368/1368/1368 1343/1343/1343 1369/1369/1369
f 1343/1343/1343 1344/1344/1344 1369/1369/1369
f 1369/1369/1369 1344/1344/1344 1370/1370/1370
f 1344/1344/1344 1345/1345/1345 1370/1370/1370
f 1370/1370/1370 1345/1345/1345 1371/1371/1371
f 1345/1345/1345 1346/1346/1346 1371/1371/1371
f 1371/1371/1371 1346/1346/1346 1372/1372/1372
f 1346/1346/1346 1347/1347/1347 1372/1372/1372
f 1372/1372/1372 1347/1347/1347 1373/1373/1373
f 1347/1347/1347 1348/1348/1348 1373/1373/1373
f 1373/1373/1373 1348/1348/1348 1374/1374/1374
f 1348/1348/1348 1349/1349/1349 1374/1374/1374
f 1374/1374/1374 1349/1349/1349 1375/1375/1375
f 1349/1349/1349 1350/1350/1350 1375/1375/1375
f 1375/1375/1375 1350/1350/1350 1376/1376/1376
f 1350/1350/1350 1351/1351/1351 1376/1376/1376
f 1376/1376/1376 1351/1351/1351 1377/1377/1377
f 1351/1351/1351 1352/1352/1352 1377/1377/1377
f 1377/1377/1377 1352/1352/1352 1378/1378/1378
f 1352/1352/1352 1353/1353/1353 1378/1378/1378
f 1378/1378/1378 1353/1353/1353 1379/1379/1379
f 1353/1353/1353 1354/1354/1354 1379/1379/1379
f 1379/1379/1379 1354/1354/1354 1380/1380/1380
f 1354/1354/1354 1355/1355/1355 1380/1380/1380
f 1380/1380/1380 1355/1355/1355 1381/1381/1381
f 1355/1355/1355 1356/1356/1356 1381/1381/1381
f 1381/1381/1381 1356/1356/1356 1382/1382/1382
f 1356/1356/1356 1357/1357/1357 1382/1382/1382
f 1383/1383/1383 1358/1358/1358 1384/1384/1384
f 1358/1358/1358 1359/1359/1359 1384/1384/1384
f 1384/1384/1384 1359/1359/1359 1385/1385/1385
f 1359/1359/1359 1360/1360/1360 1385/1385/1385
f 1385/1385/1385 1360/1360/1360 1386/1386/1386
f 1360/1360/1360 1361/1361/1361 1386/1386/1386
f 1386/1386/1386 1361/1361/1361 1387/1387/1387
f 1361/1361/1361 1362/1362/1362 1387/1387/1387
f 1387/1387/1387 1362/1362/1362 1388/1388/1388
f 1362/1362/1362 1363/1363/1363 1388/1388/1388
f 1388/1388/1388 1363/1363/1363 1389/1389/1389
f 1363/1363/1363 1364/1364/1364 1389/1389/1389
f 1389/1389/1389 1364/1364/1364 1390/1390/1390
f 1364/1364/1364 1365/1365/1365 1390/1390/1390
f 1390/1390/1390 1365/1365/1365 1391/1391/1391
f 1365/1365/1365 1366/1366/1366 1391/1391/1391
f 1391/1391/1391 1366/1366/1366 1392/1392/1392
f 1366/1366/1366 1367/1367/1367 1392/1392/1392
f 1392/1392/1392 1367/1367/1367 1393/1393/1393
f 1367/1367/1367 1368/1368/1368 1393/1393/1393
f 1393/1393/1393 1368/1368/1368 1394/1394/1394
f 1368/1368/1368 1369/1369/1369 1394/1394/1394
f 1394/1394/1394 1369/1369/1369 1395/1395/1395
f 1369/1369/1369 1370/1370/1370 1395/1395/1395
f 1395/1395/1395 1370/1370/1370 1396/1396/1396
f 1370/1370/1370 1371/1371/1371 1396/1396/1396
f 1396/1396/1396 1371/1371/1371 1397/1397/1397
f 1371/1371/1371 1372/1372/1372 1397/1397/1397
f 1397/1397/1397 1372/1372/1372 1398/1398/1398
f 1372/1372/1372 1373/1373/1373 1398/1398/1398
f 1398/1398/1398 1373/1373/1373 1399/1399/1399
f 1373/1373/1373 1374/1374/1374 1399/1399/1399
f 1399/1399/1399 1374/1374/1374 1400/1400/1400
f 1374/1374/1374 1375/1375/1375 1400/1400/1400
f 1400/1400/1400 1375/1375/1375 1401/1401/1401
f 1375/1375/1375 1376/1376/1376 1401/1401/1401
f 1401/1401/1401 1376/1376/1376 1402/1402/1402
f 1376/1376/1376 1377/1377/1377 1402/1402/1402
f 1402/1402/1402 1377/1377/1377 1403/1403/1403
f 1377/1377/1377 1378/1378/1378 1403/1403/1403
f 1403/1403/1403 1378/1378/1378 1404/1404/1404
f 1378/1378/1378 1379/1379/1379 1404/1404/1404
f 1404/1404/1404 1379/1379/1379 1405/1405/1405
f 1379/1379/1379 1380/1380/1380 1405/1405/1405
f 1405/1405/1405 1380/1380/1380 1406/1406/1406
f 1380/1380/1380 1381/1381/1381 1406/1406/1406
f 1406/1406/1406 1381/1381/1381 1407/1407/1407
f 1381/1381/1381 1382/1382/1382 1407/1407/1407
